Year,Ceremony,Award,Winner,Name,Film,Revenue,Budget,Runtime,Vote_average_list,Vote_count,Popularity,Genre,IMDb Rating,Rotten Tomato Score,MPPA Rating,Director(s)
1944,17,Best Motion Picture,0,Double Indemnity ,Paramount,2500000,927262,107,8.2,640,10.652,"[{'id': 80, 'name': 'Crime'}, {'id': 18, 'name': 'Drama'}, {'id': 9648, 'name': 'Mystery'}, {'id': 53, 'name': 'Thriller'}]",8.3,97,Approved,Billy Wilder
1944,17,Best Motion Picture,0,Gaslight ,Metro-Goldwyn-Mayer,4600000,2068000,114,7.4,118,5.32,"[{'id': 18, 'name': 'Drama'}, {'id': 9648, 'name': 'Mystery'}, {'id': 53, 'name': 'Thriller'}, {'id': 80, 'name': 'Crime'}]",7.8,89,Approved,George Cukor
1944,17,Best Motion Picture,1,Going My Way ,Paramount,16300000,0,130,7.1,51,5.407,"[{'id': 18, 'name': 'Drama'}, {'id': 35, 'name': 'Comedy'}, {'id': 10402, 'name': 'Music'}]",7.1,83,Approved,Leo McCarey
1944,17,Best Motion Picture,0,Since You Went Away ,Selznick International Pictures,7000000,3257000,172,6.3,10,0.763,"[{'id': 18, 'name': 'Drama'}, {'id': 10749, 'name': 'Romance'}, {'id': 10752, 'name': 'War'}]",7,88,Approved,John Cromwell
1944,17,Best Motion Picture,0,Wilson ,20th Century-Fox,2000000,2995000,154,5.5,6,0.6,"[{'id': 10749, 'name': 'Romance'}, {'id': 18, 'name': 'Drama'}, {'id': 36, 'name': 'History'}, {'id': 10402, 'name': 'Music'}]",6.7,77,Approved,Henry King
1945,18,Best Motion Picture,0,Anchors Aweigh ,Metro-Goldwyn-Mayer,7500000,2600000,143,7,66,4.607,"[{'id': 35, 'name': 'Comedy'}, {'id': 14, 'name': 'Fantasy'}, {'id': 10402, 'name': 'Music'}, {'id': 10749, 'name': 'Romance'}]",7,97,Approved,Billy Wilder
1945,18,Best Motion Picture,0,The Bells of St. Mary's ,Rainbow Productions,21300000,1300000,126,7.4,53,2.912,"[{'id': 18, 'name': 'Drama'}, {'id': 10751, 'name': 'Family'}]",7.2,85,Approved,George Sidney
1945,18,Best Motion Picture,1,The Lost Weekend ,Paramount,11000000,1250000,101,7.6,184,5.335,"[{'id': 18, 'name': 'Drama'}]",7.9,9.7,Approved,Leo McCarey
1945,18,Best Motion Picture,0,Mildred Pierce ,Warner Brothers,5638000,1453000,111,7.7,127,7.575,"[{'id': 80, 'name': 'Crime'}, {'id': 18, 'name': 'Drama'}]",7.9,88,Approved,Michael Curtiz
1945,18,Best Motion Picture,0,Spellbound ,Selznick International Pictures,7000000,1500000,111,7.4,279,7.938,"[{'id': 18, 'name': 'Drama'}, {'id': 9648, 'name': 'Mystery'}, {'id': 53, 'name': 'Thriller'}]",7.5,85,Approved,Alfred Hitchcock
1946,19,Best Motion Picture,1,The Best Years of Our Lives ,Samuel Goldwyn Productions,23650000,2100000,172,7.8,206,8.338,"[{'id': 18, 'name': 'Drama'}, {'id': 36, 'name': 'History'}, {'id': 10749, 'name': 'Romance'}]",8.1,97,Approved,William Wyler
1946,19,Best Motion Picture,0,Henry V ,J. Arthur Rank-Two Cities Films,2000000,2000000,137,6.8,38,3.065,"[{'id': 18, 'name': 'Drama'}, {'id': 28, 'name': 'Action'}, {'id': 36, 'name': 'History'}]",7.5,100,Approved,Laurence Olivier
1946,19,Best Motion Picture,0,It's a Wonderful Life ,Liberty Films,9644124,3180000,130,8.2,1691,31.343,"[{'id': 18, 'name': 'Drama'}, {'id': 10751, 'name': 'Family'}, {'id': 14, 'name': 'Fantasy'}]",8.6,94,PG,Frank Capra
1946,19,Best Motion Picture,0,The Razor's Edge ,20th Century-Fox,5000000,1200000,145,6.8,32,2.451,"[{'id': 18, 'name': 'Drama'}, {'id': 10749, 'name': 'Romance'}]",7.2,83,Approved,Edmund Goulding
1946,19,Best Motion Picture,0,The Yearling ,Metro-Goldwyn-Mayer,7599000,3883000,128,6.5,36,3.526,"[{'id': 18, 'name': 'Drama'}, {'id': 10751, 'name': 'Family'}]",7.2,100,Approved,Clarence Brown
1947,20,Best Motion Picture,0,The Bishop's Wife ,Samuel Goldwyn Productions,3000000,0,109,7.2,67,4.549,"[{'id': 35, 'name': 'Comedy'}, {'id': 18, 'name': 'Drama'}, {'id': 14, 'name': 'Fantasy'}, {'id': 10749, 'name': 'Romance'}]",7.6,85,Approved,Henry Koster
1947,20,Best Motion Picture,0,Crossfire ,RKO Radio,1300000,250000,86,6.6,36,3.778,"[{'id': 80, 'name': 'Crime'}, {'id': 18, 'name': 'Drama'}, {'id': 9648, 'name': 'Mystery'}, {'id': 53, 'name': 'Thriller'}]",7.3,88,Approved,Edward Dmytryk
1947,20,Best Motion Picture,1,Gentleman's Agreement ,20th Century-Fox,7800000,2000000,118,7.3,72,4.506,"[{'id': 18, 'name': 'Drama'}, {'id': 10749, 'name': 'Romance'}]",7.3,86,Approved,Elia Kazan
1947,20,Best Motion Picture,0,Great Expectations ,J. Arthur Rank-Cineguild,1700000,1500000,118,7.1,107,6.311,"[{'id': 18, 'name': 'Drama'}, {'id': 10749, 'name': 'Romance'}]",7.8,100,Approved,David Lean
1947,20,Best Motion Picture,0,Miracle on 34th Street ,20th Century-Fox,2700000,248000,96,7.5,220,23.338,"[{'id': 35, 'name': 'Comedy'}, {'id': 18, 'name': 'Drama'}, {'id': 10751, 'name': 'Family'}]",7.9,96,Approved,George Seaton
1948,21,Best Motion Picture,1,Hamlet ,J. Arthur Rank-Two Cities Films,3250000,750000,155,7.6,76,4.285,"[{'id': 18, 'name': 'Drama'}]",7.6,95,Approved,Laurence Olivier
1948,21,Best Motion Picture,0,Johnny Belinda ,Warner Brothers,6987000,1631000,102,6.9,29,2.025,"[{'id': 18, 'name': 'Drama'}]",7.7,100,Approved,Jean Negulesco
1948,21,Best Motion Picture,0,The Red Shoes ,J. Arthur Rank-Archers,5000000,500000,133,8.1,198,7.931,"[{'id': 18, 'name': 'Drama'}, {'id': 10749, 'name': 'Romance'}]",8.1,98,Approved,"Michael Powell, Emeric Pressburger"
1948,21,Best Motion Picture,0,The Snake Pit ,20th Century-Fox,10000000,3800000,108,7.2,34,3.98,"[{'id': 18, 'name': 'Drama'}]",7.6,100,Approved,Anatole Litvak
1948,21,Best Motion Picture,0,The Treasure of the Sierra Madre ,Warner Brothers,4307000,3800000,126,8.1,422,9.354,"[{'id': 28, 'name': 'Action'}, {'id': 12, 'name': 'Adventure'}, {'id': 18, 'name': 'Drama'}, {'id': 37, 'name': 'Western'}]",8.2,100,Approved,John Huston
1949,22,Best Motion Picture,1,All the King's Men ,Robert Rossen Productions,4200000,2000000,109,7.1,65,6.138,"[{'id': 18, 'name': 'Drama'}]",7.4,97,Approved,Robert Rossen
1949,22,Best Motion Picture,0,Battleground ,Metro-Goldwyn-Mayer,6269000,1631000,118,6.8,34,3.246,"[{'id': 28, 'name': 'Action'}, {'id': 12, 'name': 'Adventure'}, {'id': 18, 'name': 'Drama'}, {'id': 10752, 'name': 'War'}]",7.4,100,Approved,William A. Wellman
1949,22,Best Motion Picture,0,The Heiress ,Paramount,2300000,2600000,115,7.7,60,3.732,"[{'id': 18, 'name': 'Drama'}, {'id': 10749, 'name': 'Romance'}]",8.2,100,Approved,William Wyler
1949,22,Best Motion Picture,0,A Letter to Three Wives ,20th Century-Fox,2700000,0,103,7.2,43,3.264,"[{'id': 18, 'name': 'Drama'}, {'id': 10749, 'name': 'Romance'}]",7.7,100,Approved,Joseph L. Mankiewicz
1949,22,Best Motion Picture,0,Twelve O'Clock High ,20th Century-Fox,3225000,0,132,7.1,48,3.588,"[{'id': 10752, 'name': 'War'}, {'id': 28, 'name': 'Action'}, {'id': 18, 'name': 'Drama'}]",7.7,100,Approved,Henry King
1950,23,Best Motion Picture,1,All about Eve ,20th Century-Fox,63463,1400000,139,8.2,575,9.223,"[{'id': 18, 'name': 'Drama'}]",8.2,100,Approved,Joseph L. Mankiewicz
1950,23,Best Motion Picture,0,Born Yesterday ,Columbia,4150000,0,103,7,49,4.533,"[{'id': 35, 'name': 'Comedy'}, {'id': 10749, 'name': 'Romance'}, {'id': 18, 'name': 'Drama'}]",7.5,97,Approved,George Cukor
1950,23,Best Motion Picture,0,Father of the Bride ,Metro-Goldwyn-Mayer,6084000,1215000,92,7,68,4.357,"[{'id': 35, 'name': 'Comedy'}, {'id': 18, 'name': 'Drama'}, {'id': 10751, 'name': 'Family'}, {'id': 10749, 'name': 'Romance'}]",7.1,90,Approved,Vincente Minnelli
1950,23,Best Motion Picture,0,King Solomon's Mines ,Metro-Goldwyn-Mayer,15100000,2300000,103,6.3,34,2.649,"[{'id': 28, 'name': 'Action'}, {'id': 12, 'name': 'Adventure'}, {'id': 10749, 'name': 'Romance'}]",6.9,88,Approved,"Compton Bennett, Andrew Marton"
1950,23,Best Motion Picture,0,Sunset Blvd. ,Paramount,5000000,1752000,110,8.3,880,9.459,"[{'id': 18, 'name': 'Drama'}]",8.4,98,Approved,Billy Wilder
1951,24,Best Motion Picture,1,An American in Paris ,"Arthur Freed, Producer",4500000,2723903,113,7,210,6.571,"[{'id': 18, 'name': 'Drama'}, {'id': 35, 'name': 'Comedy'}, {'id': 10402, 'name': 'Music'}, {'id': 10749, 'name': 'Romance'}]",7.2,96,Approved,Vincente Minnelli
1951,24,Best Motion Picture,0,Decision before Dawn ,"Anatole Litvak and Frank McCarthy, Producers",1550000,0,119,7,15,1.401,"[{'id': 10752, 'name': 'War'}, {'id': 28, 'name': 'Action'}, {'id': 53, 'name': 'Thriller'}]",7.2,100,Approved,Anatole Litvak
1951,24,Best Motion Picture,0,A Place in the Sun ,"George Stevens, Producer",7000000,2300000,122,7.4,127,7.384,"[{'id': 18, 'name': 'Drama'}, {'id': 10749, 'name': 'Romance'}]",7.7,100,Approved,George Stevens
1951,24,Best Motion Picture,0,Quo Vadis ,"Sam Zimbalist, Producer",30000000,8250000,171,7.1,120,7.339,"[{'id': 18, 'name': 'Drama'}, {'id': 36, 'name': 'History'}, {'id': 10749, 'name': 'Romance'}]",7.1,83,Approved,Mervyn LeRoy
1951,24,Best Motion Picture,0,A Streetcar Named Desire ,"Charles K. Feldman, Producer",8000000,1800000,125,7.8,475,9.471,"[{'id': 18, 'name': 'Drama'}]",7.9,97,Approved,Elia Kazan
1952,25,Best Motion Picture,1,The Greatest Show on Earth ,"Cecil B. DeMille, Producer",36000000,4000000,152,6.4,76,5.204,"[{'id': 28, 'name': 'Action'}, {'id': 18, 'name': 'Drama'}, {'id': 10749, 'name': 'Romance'}, {'id': 35, 'name': 'Comedy'}]",6.6,50,Approved,Cecil B. DeMille
1952,25,Best Motion Picture,0,High Noon ,"Stanley Kramer, Producer",8000000,730000,85,7.7,516,7.515,"[{'id': 37, 'name': 'Western'}]",7.9,93,Approved,Fred Zinnemann
1952,25,Best Motion Picture,0,Ivanhoe ,"Pandro S. Berman, Producer",9737000,3737000,106,7,63,4.8,"[{'id': 28, 'name': 'Action'}, {'id': 12, 'name': 'Adventure'}, {'id': 18, 'name': 'Drama'}, {'id': 10749, 'name': 'Romance'}]",6.7,82,Approved,Richard Thorpe
1952,25,Best Motion Picture,0,Moulin Rouge ,Romulus Films,9000000,1500000,119,6.7,28,3.097,"[{'id': 18, 'name': 'Drama'}, {'id': 10402, 'name': 'Music'}]",7.1,91,Approved,John Huston
1952,25,Best Motion Picture,0,The Quiet Man ,"John Ford and Merian C. Cooper, Producers",3800000,1750000,129,7.4,174,6.603,"[{'id': 35, 'name': 'Comedy'}, {'id': 18, 'name': 'Drama'}, {'id': 10749, 'name': 'Romance'}]",7.7,91,Approved,John Ford
1953,26,Best Motion Picture,1,From Here to Eternity ,"Buddy Adler, Producer",30500000,1650000,118,7.4,216,6.628,"[{'id': 18, 'name': 'Drama'}, {'id': 10749, 'name': 'Romance'}, {'id': 10752, 'name': 'War'}]",7.6,89,Approved,Fred Zinnemann
1953,26,Best Motion Picture,0,Julius Caesar ,"John Houseman, Producer",3900000,2000000,120,7.2,58,4.505,"[{'id': 18, 'name': 'Drama'}, {'id': 36, 'name': 'History'}]",7.2,96,Approved,Joseph L. Mankiewicz
1953,26,Best Motion Picture,0,The Robe ,"Frank Ross, Producer",36000000,4100000,135,6.5,74,6.724,"[{'id': 18, 'name': 'Drama'}, {'id': 36, 'name': 'History'}]",6.7,38,Approved,Henry Koster
1953,26,Best Motion Picture,0,Roman Holiday ,"William Wyler, Producer",12000000,1500000,119,7.9,793,6.646,"[{'id': 35, 'name': 'Comedy'}, {'id': 10749, 'name': 'Romance'}, {'id': 18, 'name': 'Drama'}]",8,95,Approved,William Wyler
1953,26,Best Motion Picture,0,Shane ,"George Stevens, Producer",20000000,3100000,118,7.4,225,6.227,"[{'id': 18, 'name': 'Drama'}, {'id': 37, 'name': 'Western'}]",7.6,97,Approved,George Stevens
1954,27,Best Motion Picture,0,The Caine Mutiny ,"Stanley Kramer, Producer",21750000,2000000,124,7.3,116,6.36,"[{'id': 18, 'name': 'Drama'}, {'id': 10752, 'name': 'War'}]",7.7,100,Approved,Edward Dmytryk
1954,27,Best Motion Picture,0,The Country Girl ,"William Perlberg, Producer",6500000,0,104,7.7,20,3.451,"[{'id': 10402, 'name': 'Music'}, {'id': 18, 'name': 'Drama'}]","7,2",83,Approved,George Seaton
1954,27,Best Motion Picture,1,On the Waterfront ,"Sam Spiegel, Producer",9600000,910000,108,8.1,576,9.514,"[{'id': 80, 'name': 'Crime'}, {'id': 18, 'name': 'Drama'}]",8.1,99,Approved,Elia Kazan
1954,27,Best Motion Picture,0,Seven Brides for Seven Brothers ,"Jack Cummings, Producer",5000000,0,102,7.4,215,5.779,"[{'id': 35, 'name': 'Comedy'}, {'id': 18, 'name': 'Drama'}, {'id': 37, 'name': 'Western'}, {'id': 10402, 'name': 'Music'}]",7.3,89,Approved,Stanley Donen
1954,27,Best Motion Picture,0,Three Coins in the Fountain ,"Sol C. Siegel, Producer",12000000,1700000,102,6.2,18,1.549,"[{'id': 18, 'name': 'Drama'}]",6.6,60,Approved,Jean Negulesco
1955,28,Best Motion Picture,0,Love Is a Many-Splendored Thing ,"Buddy Adler, Producer",4000000,1870000,102,6.4,31,2.701,"[{'id': 18, 'name': 'Drama'}, {'id': 10749, 'name': 'Romance'}]",6.5,57,Approved,Henry King
1955,28,Best Motion Picture,1,Marty ,"Harold Hecht, Producer",3000000,343000,90,7.5,111,5.846,"[{'id': 18, 'name': 'Drama'}, {'id': 10749, 'name': 'Romance'}]",7.7,98,Approved,Delbert Mann
1955,28,Best Motion Picture,0,Mister Roberts ,"Leland Hayward, Producer",21200000,2300000,123,7.2,55,3.287,"[{'id': 35, 'name': 'Comedy'}, {'id': 18, 'name': 'Drama'}, {'id': 10751, 'name': 'Family'}, {'id': 10752, 'name': 'War'}]",7.6,93,Approved,"John Ford, Mervyn LeRoy"
1955,28,Best Motion Picture,0,Picnic ,"Fred Kohlmar, Producer",9000000,3000000,115,6.9,31,2.836,"[{'id': 18, 'name': 'Drama'}, {'id': 10749, 'name': 'Romance'}]",7.1,76,Approved,Joshua Logan
1955,28,Best Motion Picture,0,The Rose Tattoo ,"Hal B. Wallis, Producer",4200000,0,117,7.6,19,2.062,"[{'id': 18, 'name': 'Drama'}, {'id': 10749, 'name': 'Romance'}]",7.2,80,Approved,Daniel Mann
1956,29,Best Motion Picture,1,Around the World in 80 Days ,"Michael Todd, Producer",42000000,6000000,167,6.5,161,7.091,"[{'id': 12, 'name': 'Adventure'}, {'id': 35, 'name': 'Comedy'}, {'id': 10751, 'name': 'Family'}, {'id': 14, 'name': 'Fantasy'}, {'id': 10749, 'name': 'Romance'}]",6.7,73,Approved,Michael Anderson
1956,29,Best Motion Picture,0,Friendly Persuasion ,"William Wyler, Producer",8000000,3000000,137,6.5,33,2.491,"[{'id': 18, 'name': 'Drama'}, {'id': 37, 'name': 'Western'}, {'id': 10752, 'name': 'War'}]",7.3,89,Approved,William Wyler
1956,29,Best Motion Picture,0,Giant ,"George Stevens and Henry Ginsberg, Producers",35000000,5400000,201,7.6,264,6.808,"[{'id': 28, 'name': 'Action'}, {'id': 18, 'name': 'Drama'}, {'id': 37, 'name': 'Western'}, {'id': 10749, 'name': 'Romance'}]",7.6,84,Approved,George Stevens
1956,29,Best Motion Picture,0,The King and I ,"Charles Brackett, Producer",21300000,4550000,133,7.3,159,9.033,"[{'id': 18, 'name': 'Drama'}, {'id': 10749, 'name': 'Romance'}, {'id': 12, 'name': 'Adventure'}]",7.4,89,Approved,Walter Lang
1956,29,Best Motion Picture,0,The Ten Commandments ,"Cecil B. DeMille, Producer",122700000,13000000,220,7.6,509,8.798,"[{'id': 18, 'name': 'Drama'}, {'id': 36, 'name': 'History'}]",7.9,84,Approved,Cecil B. DeMille
1957,30,Best Motion Picture,1,The Bridge on the River Kwai ,"Sam Spiegel, Producer",27200000,3000000,161,7.9,811,9.008,"[{'id': 18, 'name': 'Drama'}, {'id': 36, 'name': 'History'}, {'id': 10752, 'name': 'War'}]",8.1,96,Approved,David Lean
1957,30,Best Motion Picture,0,Peyton Place ,"Jerry Wald, Producer",25600000,3000000,151,7.1,24,3.107,"[{'id': 18, 'name': 'Drama'}, {'id': 10749, 'name': 'Romance'}]",7.2,81,Approved,Mark Robson
1957,30,Best Motion Picture,0,Sayonara ,"William Goetz, Producer",26300000,3200000,147,6.8,38,4.599,"[{'id': 18, 'name': 'Drama'}, {'id': 10749, 'name': 'Romance'}]",7,80,Approved,Joshua Logan
1957,30,Best Motion Picture,0,12 Angry Men ,"Henry Fonda and Reginald Rose, Producers",1000000,350000,97,8.4,3218,16.487,"[{'id': 18, 'name': 'Drama'}]",9,100,Approved,Sidney Lumet
1957,30,Best Motion Picture,0,Witness for the Prosecution ,"Arthur Hornblow, Jr., Producer",9000000,3000000,116,8.3,441,10.101,"[{'id': 18, 'name': 'Drama'}, {'id': 9648, 'name': 'Mystery'}, {'id': 80, 'name': 'Crime'}]",8.4,100,Approved,Billy Wilder
1958,31,Best Motion Picture,0,Auntie Mame ,Warner Brothers,23300000,0,143,7.2,40,3.161,"[{'id': 35, 'name': 'Comedy'}, {'id': 18, 'name': 'Drama'}]",7.9,89,Approved,Morton DaCosta
1958,31,Best Motion Picture,0,Cat on a Hot Tin Roof ,"Lawrence Weingarten, Producer",17570324,3000000,108,7.8,271,6.51,"[{'id': 18, 'name': 'Drama'}, {'id': 10749, 'name': 'Romance'}]",7.9,97,Approved,Richard Brooks
1958,31,Best Motion Picture,0,The Defiant Ones ,"Stanley Kramer, Producer",2750000,778000,96,7,73,3.988,"[{'id': 80, 'name': 'Crime'}, {'id': 18, 'name': 'Drama'}]",7.6,92,Approved,Stanley Kramer
1958,31,Best Motion Picture,1,Gigi ,"Arthur Freed, Producer",13200000,3319355,116,6.4,107,6.679,"[{'id': 35, 'name': 'Comedy'}, {'id': 10402, 'name': 'Music'}, {'id': 10749, 'name': 'Romance'}]",6.7,88,Approved,Vincente Minnelli
1958,31,Best Motion Picture,0,Separate Tables ,"Harold Hecht, Producer",3100000,0,100,7.1,39,4.368,"[{'id': 18, 'name': 'Drama'}, {'id': 10749, 'name': 'Romance'}]",7.4,100,Approved,Delbert Mann
1959,32,Best Motion Picture,0,Anatomy of a Murder ,"Otto Preminger, Producer",8000000,2000000,160,7.9,314,6.887,"[{'id': 80, 'name': 'Crime'}, {'id': 18, 'name': 'Drama'}, {'id': 9648, 'name': 'Mystery'}, {'id': 53, 'name': 'Thriller'}]",8,100,Approved,Otto Preminger
1959,32,Best Motion Picture,1,Ben-Hur ,"Sam Zimbalist, Producer",146900000,15000000,212,7.7,1020,10.667,"[{'id': 12, 'name': 'Adventure'}, {'id': 36, 'name': 'History'}]",8.1,86,G,William Wyler
1959,32,Best Motion Picture,0,The Diary of Anne Frank ,"George Stevens, Producer",2300000,3000000,180,7.2,122,7.203,"[{'id': 18, 'name': 'Drama'}, {'id': 36, 'name': 'History'}]",7.4,80,Approved,George Stevens
1959,32,Best Motion Picture,0,The Nun's Story ,"Henry Blanke, Producer",12800000,3500000,149,7.3,66,5.293,"[{'id': 18, 'name': 'Drama'}]",7.6,85,Approved,Fred Zinnemann
1959,32,Best Motion Picture,0,Room at the Top ,"John Woolf and James Woolf, Producers",2400000,370000,115,6.9,26,4.641,"[{'id': 18, 'name': 'Drama'}, {'id': 10749, 'name': 'Romance'}]",7.6,100,Approved,Jack Claytom
1960,33,Best Motion Picture,0,The Alamo ,"John Wayne, Producer",7900000,12000000,167,6.8,112,4.407,"[{'id': 28, 'name': 'Action'}, {'id': 12, 'name': 'Adventure'}, {'id': 18, 'name': 'Drama'}, {'id': 36, 'name': 'History'}, {'id': 37, 'name': 'Western'}]",6.8,52,Approved,John Wayne
1960,33,Best Motion Picture,1,The Apartment ,"Billy Wilder, Producer",25000000,3000000,125,8.2,765,7.759,"[{'id': 35, 'name': 'Comedy'}, {'id': 18, 'name': 'Drama'}, {'id': 10749, 'name': 'Romance'}]",8.3,94,Approved,Billy Wilder
1960,33,Best Motion Picture,0,Elmer Gantry ,"Bernard Smith, Producer",10400000,3000000,146,7.5,49,4.061,"[{'id': 18, 'name': 'Drama'}]",7.8,100,Approved,Richard Brooks
1960,33,Best Motion Picture,0,Sons and Lovers ,"Jerry Wald, Producer",2300000,535000,103,6.6,7,1.13,"[{'id': 18, 'name': 'Drama'}]",7.3,100,Approved,Jack Cardiff
1960,33,Best Motion Picture,0,The Sundowners ,"Fred Zinnemann, Producer",3800000,0,133,6.5,18,1.811,"[{'id': 18, 'name': 'Drama'}, {'id': 12, 'name': 'Adventure'}]",7.2,100,Approved,Fred Zinnemann
1961,34,Best Motion Picture,0,Fanny ,"Joshua Logan, Producer",4500000,0,134,6.5,12,1.4,"[{'id': 18, 'name': 'Drama'}, {'id': 10749, 'name': 'Romance'}]",6.8,67,Approved,Joshua Logan
1961,34,Best Motion Picture,0,The Guns of Navarone ,"Carl Foreman, Producer",28900000,6000000,158,7.5,269,8.089,"[{'id': 28, 'name': 'Action'}, {'id': 12, 'name': 'Adventure'}, {'id': 18, 'name': 'Drama'}, {'id': 10752, 'name': 'War'}]",7.5,95,Approved,J. Lee Thompson
1961,34,Best Motion Picture,0,The Hustler ,"Robert Rossen, Producer",7600000,2000000,134,7.8,368,8.795,"[{'id': 18, 'name': 'Drama'}]",8,94,Approved,Robert Rossen
1961,34,Best Motion Picture,0,Judgment at Nuremberg ,"Stanley Kramer, Producer",10000000,3000000,186,8,251,7.218,"[{'id': 18, 'name': 'Drama'}, {'id': 36, 'name': 'History'}]",8.3,93,Approved,Stanley Kramer
1961,34,Best Motion Picture,1,West Side Story ,"Robert Wise, Producer",43656822,6000000,152,7.3,683,7.47,"[{'id': 80, 'name': 'Crime'}, {'id': 18, 'name': 'Drama'}, {'id': 10749, 'name': 'Romance'}, {'id': 10402, 'name': 'Music'}]",7.6,92,Approved,"Robert Wise, Jerome Robbins"
1962,35,Best Picture,1,Lawrence of Arabia ,"Sam Spiegel, Producer",69995385,15000000,216,8,1267,6.288,"[{'id': 12, 'name': 'Adventure'}, {'id': 18, 'name': 'Drama'}, {'id': 36, 'name': 'History'}, {'id': 10752, 'name': 'War'}]",8.3,94,PG,David Lean
1962,35,Best Picture,0,The Longest Day ,"Darryl F. Zanuck, Producer",50100000,10000000,178,7.5,361,8.518,"[{'id': 18, 'name': 'Drama'}, {'id': 36, 'name': 'History'}, {'id': 10752, 'name': 'War'}]",7.7,88,Approved,"Ken Annakin, Andrew Marton, Bernhard Wicki"
1962,35,Best Picture,0,Meredith Willson's The Music Man ,"Morton Da Costa, Producer",2500000,927262,107,8.2,640,10.652,"[{'id': 80, 'name': 'Crime'}, {'id': 18, 'name': 'Drama'}, {'id': 9648, 'name': 'Mystery'}, {'id': 53, 'name': 'Thriller'}]",7.7,94,Approved,Morton DaCosta
1962,35,Best Picture,0,Mutiny on the Bounty ,"Aaron Rosenberg, Producer",13680000,19000000,178,6.9,101,8.268,"[{'id': 12, 'name': 'Adventure'}, {'id': 18, 'name': 'Drama'}, {'id': 36, 'name': 'History'}]",7.3,72,Approved,Lewis Milestone
1962,35,Best Picture,0,To Kill a Mockingbird ,"Alan J. Pakula, Producer",13129846,2000000,129,8,1138,8.27,"[{'id': 80, 'name': 'Crime'}, {'id': 18, 'name': 'Drama'}]",8.3,93,Approved,Robert Mulligan
1963,36,Best Picture,0,America America ,"Elia Kazan, Producer",0,0,174,6.4,26,2.34,"[{'id': 18, 'name': 'Drama'}, {'id': 36, 'name': 'History'}]",7.7,100,Approved,Elia Kazan
1963,36,Best Picture,0,Cleopatra ,"Walter Wanger, Producer",71000000,31115000,248,6.9,227,8.444,"[{'id': 18, 'name': 'Drama'}, {'id': 36, 'name': 'History'}, {'id': 10749, 'name': 'Romance'}]",7,56,Approved,Joseph L. Mankiewicz
1963,36,Best Picture,0,How the West Was Won ,"Bernard Smith, Producer",50000000,15000000,162,7,131,8.218,"[{'id': 37, 'name': 'Western'}, {'id': 36, 'name': 'History'}]",7.1,88,Approved,"Henry Hathway, John Ford, George Marshall"
1963,36,Best Picture,0,Lilies of the Field ,"Ralph Nelson, Producer",7000000,240000,94,7.2,39,2.31,"[{'id': 35, 'name': 'Comedy'}, {'id': 18, 'name': 'Drama'}]",7.5,100,Approved,Ralph Nelson
1963,36,Best Picture,1,Tom Jones ,"Tony Richardson, Producer",37600000,1000000,128,6.6,53,5.307,"[{'id': 12, 'name': 'Adventure'}, {'id': 35, 'name': 'Comedy'}, {'id': 10749, 'name': 'Romance'}]",6.5,81,Approved,Tony Richardson
1964,37,Best Picture,0,Becket ,"Hal B. Wallis, Producer",9100000,3000000,148,7.4,67,5.187,"[{'id': 18, 'name': 'Drama'}, {'id': 36, 'name': 'History'}]",7.8,95,Approved,Peter Glenville
1964,37,Best Picture,0,Dr. Strangelove or: How I Learned to Stop Worrying and Love the Bomb ,"Stanley Kubrick, Producer",9440272,1800000,95,8.1,2333,10.25,"[{'id': 18, 'name': 'Drama'}, {'id': 35, 'name': 'Comedy'}, {'id': 10752, 'name': 'War'}]",8.4,98,PG,Stanley Kubrick
1964,37,Best Picture,0,Mary Poppins ,"Walt Disney and Bill Walsh, Producers",102272727,6000000,139,7.5,2024,11.267,"[{'id': 35, 'name': 'Comedy'}, {'id': 10751, 'name': 'Family'}, {'id': 14, 'name': 'Fantasy'}]",7.8,96,G,Robert Stevenson
1964,37,Best Picture,1,My Fair Lady ,"Jack L. Warner, Producer",72070731,17000000,170,7.7,540,6.753,"[{'id': 18, 'name': 'Drama'}, {'id': 10749, 'name': 'Romance'}]",7.8,95,G,George Cukor
1964,37,Best Picture,0,Zorba the Greek ,"Michael Cacoyannis, Producer",23500000,783000,142,7.4,104,8.833,"[{'id': 12, 'name': 'Adventure'}, {'id': 18, 'name': 'Drama'}]",7.6,92,Approved,Michael Cacoyannis
1965,38,Best Picture,0,Darling ,"Joseph Janni, Producer",4500000,1100000,128,6.7,41,5.397,"[{'id': 18, 'name': 'Drama'}, {'id': 10749, 'name': 'Romance'}]",7,67,Approved,John Schlesigner
1965,38,Best Picture,0,Doctor Zhivago ,"Carlo Ponti, Producer",111858363,11000000,200,7.6,402,7.268,"[{'id': 18, 'name': 'Drama'}, {'id': 10749, 'name': 'Romance'}, {'id': 10752, 'name': 'War'}]",8,82,PG-13,David Lean
1965,38,Best Picture,0,Ship of Fools ,"Stanley Kramer, Producer",3500000,0,149,6.2,24,2.262,"[{'id': 18, 'name': 'Drama'}, {'id': 10752, 'name': 'War'}, {'id': 10749, 'name': 'Romance'}]",7.1,83,Approved,Stanley Kramer
1965,38,Best Picture,1,The Sound of Music ,"Robert Wise, Producer",286214286,8200000,174,7.6,1452,15.289,"[{'id': 18, 'name': 'Drama'}, {'id': 10751, 'name': 'Family'}, {'id': 10402, 'name': 'Music'}, {'id': 10749, 'name': 'Romance'}]",8.1,83,G,Robert Wise
1965,38,Best Picture,0,A Thousand Clowns ,"Fred Coe, Producer",2400000,1000000,118,7.4,11,0.6,"[{'id': 35, 'name': 'Comedy'}, {'id': 18, 'name': 'Drama'}, {'id': 10749, 'name': 'Romance'}]",7.3,100,Approved,Fred Coe
1966,39,Best Picture,0,Alfie ,"Lewis Gilbert, Producer",18900000,500000,114,6.7,90,5.519,"[{'id': 35, 'name': 'Comedy'}, {'id': 18, 'name': 'Drama'}, {'id': 10749, 'name': 'Romance'}]",7,77,Approved,Lewis Gilbert
1966,39,Best Picture,1,A Man for All Seasons ,"Fred Zinnemann, Producer",28350000,3900000,120,7.6,135,5.853,"[{'id': 18, 'name': 'Drama'}, {'id': 36, 'name': 'History'}]",7.7,89,G,Fred Zinnemann
1966,39,Best Picture,0,The Russians Are Coming The Russians Are Coming ,"Norman Jewison, Producer",21700000,3900000,126,6.3,38,2.511,"[{'id': 35, 'name': 'Comedy'}, {'id': 10752, 'name': 'War'}]",7,86,Approved,Norman Jewison
1966,39,Best Picture,0,The Sand Pebbles ,"Robert Wise, Producer",20000000,12000000,182,7.3,95,6.16,"[{'id': 28, 'name': 'Action'}, {'id': 12, 'name': 'Adventure'}, {'id': 18, 'name': 'Drama'}, {'id': 10752, 'name': 'War'}, {'id': 10749, 'name': 'Romance'}]",7.5,86,Approved,Robert Wise
1966,39,Best Picture,0,Who's Afraid of Virginia Woolf? ,"Ernest Lehman, Producer",33736689,7500000,131,8,298,5.968,"[{'id': 18, 'name': 'Drama'}]",8,97,Approved,Mike Nichols
1967,40,Best Picture,0,Bonnie and Clyde ,"Warren Beatty, Producer",50700000,2500000,111,7.6,574,7.693,"[{'id': 80, 'name': 'Crime'}, {'id': 18, 'name': 'Drama'}]",7.7,89,R,Arthur Penn
1967,40,Best Picture,0,Doctor Dolittle ,"Arthur P. Jacobs, Producer",9000000,18000000,152,6,63,4.737,"[{'id': 12, 'name': 'Adventure'}, {'id': 35, 'name': 'Comedy'}, {'id': 10751, 'name': 'Family'}, {'id': 14, 'name': 'Fantasy'}, {'id': 10402, 'name': 'Music'}]",6.1,29,G,Richard Fleischer
1967,40,Best Picture,0,The Graduate ,"Lawrence Turman, Producer",104945305,3000000,106,7.7,1309,14.266,"[{'id': 35, 'name': 'Comedy'}, {'id': 18, 'name': 'Drama'}]",8,87,PG,Mike Nichols
1967,40,Best Picture,0,Guess Who's Coming to Dinner ,"Stanley Kramer, Producer",56666667,4000000,108,7.7,276,6.465,"[{'id': 35, 'name': 'Comedy'}, {'id': 18, 'name': 'Drama'}, {'id': 10749, 'name': 'Romance'}]",7.8,81,Approved,Stanley Kramer
1967,40,Best Picture,1,In the Heat of the Night ,"Walter Mirisch, Producer",27379978,2000000,109,7.7,337,6.858,"[{'id': 80, 'name': 'Crime'}, {'id': 18, 'name': 'Drama'}, {'id': 9648, 'name': 'Mystery'}, {'id': 53, 'name': 'Thriller'}]",7.9,95,Approved,Norman Jewison
1968,41,Best Picture,0,Funny Girl ,"Ray Stark, Producer",52223306,14000000,149,7.1,136,6.201,"[{'id': 35, 'name': 'Comedy'}, {'id': 18, 'name': 'Drama'}, {'id': 10749, 'name': 'Romance'}]",7.4,94,G,William Wyler
1968,41,Best Picture,0,The Lion in Winter ,"Martin Poll, Producer",22300000,4000000,134,7.6,122,6.796,"[{'id': 18, 'name': 'Drama'}, {'id': 36, 'name': 'History'}]",7.9,90,PG,Anthony Harvey
1968,41,Best Picture,1,Oliver! ,"John Woolf, Producer",37402877,10000000,153,7.1,157,6.398,"[{'id': 18, 'name': 'Drama'}, {'id': 10751, 'name': 'Family'}, {'id': 10402, 'name': 'Music'}]",7.4,91,G,Carol Reed
1968,41,Best Picture,0,"Rachel, Rachel ","Paul Newman, Producer",3000000,780000,101,6.6,20,1.067,"[{'id': 18, 'name': 'Drama'}, {'id': 10749, 'name': 'Romance'}]",7.1,85,Approved,Paul Newman
1968,41,Best Picture,0,Romeo and Juliet ,"Anthony Havelock-Allan and John Brabourne, Producers",38901218,850000,138,7.4,240,11.005,"[{'id': 18, 'name': 'Drama'}, {'id': 10749, 'name': 'Romance'}]",7.6,95,PG,Franco Zeffirelli
1969,42,Best Picture,0,Anne of the Thousand Days ,"Hal B. Wallis, Producer",20000000,4500000,145,7.1,42,3.716,"[{'id': 18, 'name': 'Drama'}, {'id': 36, 'name': 'History'}, {'id': 10749, 'name': 'Romance'}]",7.4,43,PG,Charles Jarrott
1969,42,Best Picture,0,Butch Cassidy and the Sundance Kid ,"John Foreman, Producer",102308889,6000000,111,7.6,907,10.261,"[{'id': 80, 'name': 'Crime'}, {'id': 18, 'name': 'Drama'}, {'id': 36, 'name': 'History'}, {'id': 37, 'name': 'Western'}, {'id': 35, 'name': 'Comedy'}]",8,90,PG,George Roy Hill
1969,42,Best Picture,0,"Hello, Dolly! ","Ernest Lehman, Producer",33208099,24000000,146,7,90,5.6,"[{'id': 35, 'name': 'Comedy'}, {'id': 10751, 'name': 'Family'}, {'id': 10402, 'name': 'Music'}, {'id': 10749, 'name': 'Romance'}]",7.1,44,G,Gene Kelly
1969,42,Best Picture,1,Midnight Cowboy ,"Jerome Hellman, Producer",44785053,3600000,113,7.6,475,11.285,"[{'id': 18, 'name': 'Drama'}]",7.8,89,X,John Schlesigner
1969,42,Best Picture,0,Z ,"Jacques Perrin and Hamed Rachedi, Producers",83305,0,127,8.1,144,8.359,"[{'id': 18, 'name': 'Drama'}, {'id': 36, 'name': 'History'}, {'id': 53, 'name': 'Thriller'}]",8.2,98,PG,Costa-Gavras
1970,43,Best Picture,0,Airport ,"Ross Hunter, Producer",100489151,10000000,137,6.4,136,5.309,"[{'id': 28, 'name': 'Action'}, {'id': 18, 'name': 'Drama'}, {'id': 53, 'name': 'Thriller'}]",6.6,75,G,George Seaton
1970,43,Best Picture,0,Five Easy Pieces ,"Bob Rafelson and Richard Wechsler, Producers",18100000,1600000,98,7.3,176,5.169,"[{'id': 18, 'name': 'Drama'}]",7.4,89,R,Bob Rafelson
1970,43,Best Picture,0,Love Story ,"Howard G. Minsky, Producer",136400000,2200000,99,6.6,213,6.134,"[{'id': 18, 'name': 'Drama'}, {'id': 10749, 'name': 'Romance'}]",6.9,68,PG,Arthur Hiller
1970,43,Best Picture,1,MASH,"Ingo Preminger, Producer",81600000,3500000,116,7,351,7.591,"[{'id': 35, 'name': 'Comedy'}, {'id': 18, 'name': 'Drama'}, {'id': 10752, 'name': 'War'}]",7.4,84,R,Robert Altman
1970,43,Best Picture,1,Patton ,"Frank McCarthy, Producer",89800000,12000000,172,7.4,459,8.536,"[{'id': 18, 'name': 'Drama'}, {'id': 36, 'name': 'History'}, {'id': 10752, 'name': 'War'}]",7.9,91,PG,Franklin J. Schaffner
1971,44,Best Picture,0,A Clockwork Orange ,"Stanley Kubrick, Producer",26589000,2200000,136,8.2,5663,13.059,"[{'id': 878, 'name': 'Science Fiction'}, {'id': 18, 'name': 'Drama'}]",7.7,98,R,William Friedkin
1971,44,Best Picture,0,Fiddler on the Roof ,"Norman Jewison, Producer",83304330,9000000,181,7.8,187,9.112,"[{'id': 18, 'name': 'Drama'}, {'id': 10749, 'name': 'Romance'}]",8,83,G,Norman Jewison
1971,44,Best Picture,1,The French Connection ,"Philip D'Antoni, Producer",41158757,1800000,104,7.5,651,8.908,"[{'id': 28, 'name': 'Action'}, {'id': 80, 'name': 'Crime'}, {'id': 53, 'name': 'Thriller'}]",7.7,98,R,William Friedkin
1971,44,Best Picture,0,The Last Picture Show ,"Stephen J. Friedman, Producer",29133000,1300000,119,7.8,212,6.064,"[{'id': 18, 'name': 'Drama'}]",8,100,R,Peter Bogdanovich
1971,44,Best Picture,0,Nicholas and Alexandra ,"Sam Spiegel, Producer",7000000,9000000,189,7.3,23,3.912,"[{'id': 10749, 'name': 'Romance'}, {'id': 18, 'name': 'Drama'}, {'id': 10752, 'name': 'War'}]",7.2,69,PG,Franklin J. Schaffner
1972,45,Best Picture,0,Cabaret ,"Cy Feuer, Producer",42800000,6000000,124,7.5,336,7.028,"[{'id': 18, 'name': 'Drama'}, {'id': 10749, 'name': 'Romance'}, {'id': 10402, 'name': 'Music'}]",7.8,93,PG,Bob Fosse
1972,45,Best Picture,0,Deliverance ,"John Boorman, Producer",46122355,2000000,109,7.3,636,7.596,"[{'id': 18, 'name': 'Drama'}, {'id': 12, 'name': 'Adventure'}, {'id': 53, 'name': 'Thriller'}]",7.7,89,R,John Boorman
1972,45,Best Picture,0,The Emigrants ,"Bengt Forslund, Producer",0,1600000,191,7,36,5.317,"[{'id': 12, 'name': 'Adventure'}, {'id': 18, 'name': 'Drama'}]",8,100,PG,Jan Troell
1972,45,Best Picture,1,The Godfather ,"Albert S. Ruddy, Producer",245066411,6000000,175,8.6,8764,28.931,"[{'id': 18, 'name': 'Drama'}, {'id': 80, 'name': 'Crime'}]",9.2,97,R,Francis Ford Coppola
1972,45,Best Picture,0,Sounder ,"Robert B. Radnitz, Producer",16900000,1900000,105,7.3,13,1.4,"[{'id': 18, 'name': 'Drama'}]",7.5,91,G,Martin Ritt
1973,46,Best Picture,0,American Graffiti ,"Francis Ford Coppola, Producer; Gary Kurtz, Co-Producer",140000000,777000,110,7.1,537,9.031,"[{'id': 35, 'name': 'Comedy'}, {'id': 18, 'name': 'Drama'}]",7.4,96,PG,George Lucas
1973,46,Best Picture,0,Cries and Whispers ,"Ingmar Bergman, Producer",2500000,927262,107,8.2,640,10.652,"[{'id': 80, 'name': 'Crime'}, {'id': 18, 'name': 'Drama'}, {'id': 9648, 'name': 'Mystery'}, {'id': 53, 'name': 'Thriller'}]",8,95,R,Ingmar Bergman
1973,46,Best Picture,0,The Exorcist ,"William Peter Blatty, Producer",441306145,8000000,122,7.6,3309,22.477,"[{'id': 18, 'name': 'Drama'}, {'id': 27, 'name': 'Horror'}, {'id': 53, 'name': 'Thriller'}]",8.1,78,R,William Friedkin
1973,46,Best Picture,1,The Sting ,"Tony Bill, Michael Phillips and Julia Phillips, Producers",159616327,5500000,129,8,970,13.329,"[{'id': 35, 'name': 'Comedy'}, {'id': 80, 'name': 'Crime'}, {'id': 18, 'name': 'Drama'}]",8.3,93,PG,George Roy Hill
1973,46,Best Picture,0,A Touch of Class ,"Melvin Frank, Producer",16800000,1000000,106,6.4,19,1.584,"[{'id': 35, 'name': 'Comedy'}, {'id': 10749, 'name': 'Romance'}]",6.6,89,PG,Melvin Frank
1974,47,Best Picture,0,Chinatown ,"Robert Evans, Producer",30000000,6000000,130,7.9,1474,8.293,"[{'id': 80, 'name': 'Crime'}, {'id': 18, 'name': 'Drama'}, {'id': 9648, 'name': 'Mystery'}, {'id': 53, 'name': 'Thriller'}]",8.2,98,R,Roman Polanski
1974,47,Best Picture,0,The Conversation ,"Francis Ford Coppola, Producer; Fred Roos, Co-Producer",4420000,1600000,113,7.6,544,7.58,"[{'id': 80, 'name': 'Crime'}, {'id': 18, 'name': 'Drama'}, {'id': 9648, 'name': 'Mystery'}]",7.7,98,PG,Francis Ford Coppola
1974,47,Best Picture,1,The Godfather Part II ,"Francis Ford Coppola, Producer; Gray Frederickson and Fred Roos, Co-Producers",102600000,13000000,200,8.5,5094,20.282,"[{'id': 18, 'name': 'Drama'}, {'id': 80, 'name': 'Crime'}]",9,96,R,Francis Ford Coppola
1974,47,Best Picture,0,Lenny ,"Marvin Worth, Producer",11600000,2700000,111,7.4,70,4.771,"[{'id': 18, 'name': 'Drama'}]",7.6,91,R,Bob Fosse
1974,47,Best Picture,0,The Towering Inferno ,"Irwin Allen, Producer",116000000,14000000,159,7.1,344,7.935,"[{'id': 28, 'name': 'Action'}, {'id': 53, 'name': 'Thriller'}]",6.9,70,PG,John Guillermin
1975,48,Best Picture,0,Barry Lyndon ,"Stanley Kubrick, Producer",20000000,11000000,184,7.9,936,8.646,"[{'id': 18, 'name': 'Drama'}, {'id': 10749, 'name': 'Romance'}, {'id': 10752, 'name': 'War'}]",8.1,92,PG,Stanley Kubrick
1975,48,Best Picture,0,Dog Day Afternoon ,"Martin Bregman and Martin Elfand, Producers",46665856,1800000,125,7.8,1055,10.356,"[{'id': 80, 'name': 'Crime'}, {'id': 18, 'name': 'Drama'}, {'id': 53, 'name': 'Thriller'}]",8,96,R,Sidney Lumet
1975,48,Best Picture,0,Jaws ,"Richard D. Zanuck and David Brown, Producers",470700000,7000000,124,7.6,4198,16.425,"[{'id': 27, 'name': 'Horror'}, {'id': 53, 'name': 'Thriller'}, {'id': 12, 'name': 'Adventure'}]",8.1,97,PG,Steven Spielberg
1975,48,Best Picture,0,Nashville ,"Robert Altman, Producer",10000000,2200000,160,7.4,127,7.269,"[{'id': 18, 'name': 'Drama'}, {'id': 10402, 'name': 'Music'}, {'id': 35, 'name': 'Comedy'}]",7.6,90,R,Robert Altman
1975,48,Best Picture,1,One Flew over the Cuckoo's Nest ,"Saul Zaentz and Michael Douglas, Producers",108981275,3000000,133,8.4,4739,22.294,"[{'id': 18, 'name': 'Drama'}]",8.7,93,R,Milos Forman
1976,49,Best Picture,0,All the President's Men ,"Walter Coblenz, Producer",70600000,8500000,138,7.7,643,21.183,"[{'id': 18, 'name': 'Drama'}, {'id': 36, 'name': 'History'}, {'id': 9648, 'name': 'Mystery'}, {'id': 53, 'name': 'Thriller'}]",7.9,94,PG,Alan J. Pakula
1976,49,Best Picture,0,Bound for Glory ,"Robert F. Blumofe and Harold Leventhal, Producers",0,7000000,147,7.3,24,3.951,"[{'id': 10402, 'name': 'Music'}]",7.3,83,PG,Hal Ashby
1976,49,Best Picture,0,Network ,"Howard Gottfried, Producer",23689877,3800000,122,8,604,8.417,"[{'id': 18, 'name': 'Drama'}]",8.1,93,R,Sidney Lumet
1976,49,Best Picture,1,Rocky ,"Irwin Winkler and Robert Chartoff, Producers",117235147,1000000,119,7.6,3080,26.239,"[{'id': 18, 'name': 'Drama'}]",8.1,92,PG,John G. Avildsen
1976,49,Best Picture,0,Taxi Driver ,"Michael Phillips and Julia Phillips, Producers",28262574,1300000,114,8.1,4379,18.243,"[{'id': 80, 'name': 'Crime'}, {'id': 18, 'name': 'Drama'}]",8.2,96,R,Martin Scorsese
1977,50,Best Picture,1,Annie Hall ,"Charles H. Joffe, Producer",38251425,4000000,93,7.8,1675,9.136,"[{'id': 35, 'name': 'Comedy'}, {'id': 18, 'name': 'Drama'}, {'id': 10749, 'name': 'Romance'}]",8,97,PG,Woody Allen
1977,50,Best Picture,0,The Goodbye Girl ,"Ray Stark, Producer",102000000,0,111,7.1,51,3.972,"[{'id': 35, 'name': 'Comedy'}, {'id': 10749, 'name': 'Romance'}]",7.4,83,PG,Herbert Ross
1977,50,Best Picture,0,Julia ,"Richard Roth, Producer",20700000,7840000,117,6.9,43,4.834,"[{'id': 18, 'name': 'Drama'}]",7.2,77,PG,Fred Zinnemann
1977,50,Best Picture,0,Star Wars ,"Gary Kurtz, Producer",775398007,11000000,121,8.2,10129,34.509,"[{'id': 12, 'name': 'Adventure'}, {'id': 28, 'name': 'Action'}, {'id': 878, 'name': 'Science Fiction'}]",8.6,93,PG,George Lucas
1977,50,Best Picture,0,The Turning Point ,"Herbert Ross and Arthur Laurents, Producers",33600000,0,119,6.4,21,1.816,"[{'id': 18, 'name': 'Drama'}, {'id': 10749, 'name': 'Romance'}]",6.8,64,PG,Herbert Ross
1978,51,Best Picture,0,Coming Home ,"Jerome Hellman, Producer",32700000,3000000,127,7.2,62,4.435,"[{'id': 18, 'name': 'Drama'}, {'id': 10749, 'name': 'Romance'}, {'id': 10752, 'name': 'War'}]",7.4,83,R,Hal Ashby
1978,51,Best Picture,1,The Deer Hunter ,"Barry Spikings, Michael Deeley, Michael Cimino and John Peverall, Producers",50000000,15000000,183,8,1495,9.268,"[{'id': 18, 'name': 'Drama'}, {'id': 10752, 'name': 'War'}]",8.1,86,R,Michael Cimino
1978,51,Best Picture,0,Heaven Can Wait ,"Warren Beatty, Producer",98800000,6000000,101,6.5,133,6.336,"[{'id': 14, 'name': 'Fantasy'}, {'id': 35, 'name': 'Comedy'}]",6.9,88,PG,"Warren Beatty, Buck Henry"
1978,51,Best Picture,0,Midnight Express ,"Alan Marshall and David Puttnam, Producers",35000000,2300000,121,7.7,528,7.315,"[{'id': 18, 'name': 'Drama'}, {'id': 80, 'name': 'Crime'}]",7.5,88,R,Alan Parker
1978,51,Best Picture,0,An Unmarried Woman ,"Paul Mazursky and Tony Ray, Producers",24000000,2515000,124,6.7,21,1.365,"[{'id': 18, 'name': 'Drama'}, {'id': 10749, 'name': 'Romance'}, {'id': 35, 'name': 'Comedy'}]",7.2,90,R,Paul Mazursky
1979,52,Best Picture,0,All That Jazz ,"Robert Alan Aurthur, Producer",37823676,12000000,123,7.3,133,7.024,"[{'id': 18, 'name': 'Drama'}]",7.8,87,R,Bob Fosse
1979,52,Best Picture,0,Apocalypse Now ,"Francis Coppola, Producer; Fred Roos, Gray Frederickson and Tom Sternberg, Co-Producers",89460381,31500000,147,8.2,3341,21.533,"[{'id': 18, 'name': 'Drama'}, {'id': 10752, 'name': 'War'}]",8.4,98,R,Francis Ford Coppola
1979,52,Best Picture,0,Breaking Away ,"Peter Yates, Producer",20000000,2300000,100,7.4,97,5.693,"[{'id': 18, 'name': 'Drama'}, {'id': 35, 'name': 'Comedy'}]",7.7,95,PG,Peter Yates
1979,52,Best Picture,1,Kramer vs. Kramer ,"Stanley R. Jaffe, Producer",106260000,8000000,105,7.5,807,8.914,"[{'id': 18, 'name': 'Drama'}]",7.8,89,PG,Robert Benton
1979,52,Best Picture,0,Norma Rae ,"Tamara Asseyev and Alex Rose, Producers",22228000,4500000,110,7.2,51,4.116,"[{'id': 18, 'name': 'Drama'}]",7.3,93,PG,Martin Ritt
1980,53,Best Picture,0,Coal Miner's Daughter ,"Bernard Schwartz, Producer",67182787,15000000,125,7.1,97,6.905,"[{'id': 18, 'name': 'Drama'}, {'id': 10402, 'name': 'Music'}]",7.3,86,PG,Michael Apted
1980,53,Best Picture,0,The Elephant Man ,"Jonathan Sanger, Producer",26010864,5000000,124,8,1235,7.456,"[{'id': 18, 'name': 'Drama'}, {'id': 36, 'name': 'History'}]",8.2,92,PG,David Lynch
1980,53,Best Picture,1,Ordinary People ,"Ronald L. Schwary, Producer",90000000,6000000,124,7.5,208,7.467,"[{'id': 18, 'name': 'Drama'}]",7.7,89,R,Robert Redford
1980,53,Best Picture,0,Raging Bull ,"Irwin Winkler and Robert Chartoff, Producers",23000000,18000000,129,7.9,1560,10.646,"[{'id': 18, 'name': 'Drama'}]",8.1,92,R,Martin Scorsese
1980,53,Best Picture,0,Tess ,"Claude Berri, Producer; Timothy Burrill, Co-Producer",20100000,12000000,171,6.8,107,9.59,"[{'id': 18, 'name': 'Drama'}, {'id': 10749, 'name': 'Romance'}]",7.3,83,PG,Roman Polanski
1981,54,Best Picture,0,Atlantic City ,"Denis Heroux and John Kemeny, Producers",12729675,7200000,104,6.9,75,4.656,"[{'id': 80, 'name': 'Crime'}, {'id': 18, 'name': 'Drama'}, {'id': 10749, 'name': 'Romance'}]",7.3,100,R,Louis Malle
1981,54,Best Picture,1,Chariots of Fire ,"David Puttnam, Producer",58972904,5500000,123,6.9,319,7.401,"[{'id': 18, 'name': 'Drama'}, {'id': 36, 'name': 'History'}]",7.1,82,PG,Hugh Hudson
1981,54,Best Picture,0,On Golden Pond ,"Bruce Gilbert, Producer",19255967,7500000,109,7.5,158,6.919,"[{'id': 18, 'name': 'Drama'}]",7.6,93,PG,Mark Rydell
1981,54,Best Picture,0,Raiders of the Lost Ark ,"Frank Marshall, Producer",389925971,18000000,115,7.8,5762,25.906,"[{'id': 12, 'name': 'Adventure'}, {'id': 28, 'name': 'Action'}]",8.4,95,PG,Steven Spielberg
1981,54,Best Picture,0,Reds ,"Warren Beatty, Producer",40382659,32000000,195,7.2,110,6.332,"[{'id': 18, 'name': 'Drama'}, {'id': 36, 'name': 'History'}]",7.3,90,PG,Warren Beatty
1982,55,Best Picture,0,E.T. The Extra-Terrestrial ,"Steven Spielberg and Kathleen Kennedy, Producers",792965326,10500000,115,7.4,5477,16.032,"[{'id': 878, 'name': 'Science Fiction'}, {'id': 12, 'name': 'Adventure'}, {'id': 10751, 'name': 'Family'}, {'id': 14, 'name': 'Fantasy'}]",7.9,99,PG,Steven Spielberg
1982,55,Best Picture,1,Gandhi ,"Richard Attenborough, Producer",77737889,22000000,191,7.5,1040,9.015,"[{'id': 18, 'name': 'Drama'}, {'id': 36, 'name': 'History'}]",8,89,PG,Richard Attenborough
1982,55,Best Picture,0,Missing ,"Edward Lewis and Mildred Lewis, Producers",14000000,9500000,122,7.4,117,6.789,"[{'id': 18, 'name': 'Drama'}, {'id': 36, 'name': 'History'}, {'id': 9648, 'name': 'Mystery'}, {'id': 53, 'name': 'Thriller'}]",7.7,94,PG,Costa-Gavras
1982,55,Best Picture,0,Tootsie ,"Sydney Pollack and Dick Richards, Producers",177200000,21000000,116,7.1,678,8.191,"[{'id': 35, 'name': 'Comedy'}, {'id': 10749, 'name': 'Romance'}]",7.4,90,PG,Sydney Pollack
1982,55,Best Picture,0,The Verdict ,"Richard D. Zanuck and David Brown, Producers",53977250,16000000,129,7.5,198,7.129,"[{'id': 18, 'name': 'Drama'}]",7.7,89,R,Sidney Lumet
1983,56,Best Picture,0,The Big Chill ,"Michael Shamberg, Producer",56400000,8000000,105,7.1,199,7.006,"[{'id': 35, 'name': 'Comedy'}, {'id': 18, 'name': 'Drama'}]",7.1,69,R,Lawrence Kasdan
1983,56,Best Picture,0,The Dresser ,"Peter Yates, Producer",5300000,1900000,118,6.6,20,1.237,"[{'id': 18, 'name': 'Drama'}]",7.6,92,PG,Peter Yates
1983,56,Best Picture,0,The Right Stuff ,"Irwin Winkler and Robert Chartoff, Producers",21500000,27000000,193,7.5,336,7.729,"[{'id': 18, 'name': 'Drama'}, {'id': 36, 'name': 'History'}]",7.8,96,PG,Philip Kaufman
1983,56,Best Picture,0,Tender Mercies ,"Philip S. Hobel, Producer",8400000,7200000,92,6.7,32,3.53,"[{'id': 18, 'name': 'Drama'}, {'id': 10402, 'name': 'Music'}, {'id': 10749, 'name': 'Romance'}]",7.4,81,PG,Bruce Beresford
1983,56,Best Picture,1,Terms of Endearment ,"James L. Brooks, Producer",165000000,8000000,132,7.2,286,9.508,"[{'id': 35, 'name': 'Comedy'}, {'id': 18, 'name': 'Drama'}]",7.4,82,PG,James L. Brooks
1984,57,Best Picture,1,Amadeus ,"Saul Zaentz, Producer",51973029,18000000,160,8,1769,10.185,"[{'id': 18, 'name': 'Drama'}, {'id': 36, 'name': 'History'}, {'id': 10402, 'name': 'Music'}]",8.4,89,PG,Milos Forman
1984,57,Best Picture,0,The Killing Fields ,"David Puttnam, Producer",34700291,14400000,141,7.6,251,6.95,"[{'id': 18, 'name': 'Drama'}, {'id': 36, 'name': 'History'}, {'id': 10752, 'name': 'War'}]",7.8,93,R,Roland Joffe
1984,57,Best Picture,0,A Passage to India ,"John Brabourne and Richard Goodwin, Producers",27187653,8000000,163,6.9,104,5.437,"[{'id': 18, 'name': 'Drama'}, {'id': 12, 'name': 'Adventure'}, {'id': 36, 'name': 'History'}]",7.3,77,PG,David Lean
1984,57,Best Picture,0,Places in the Heart ,"Arlene Donovan, Producer",34900000,9500000,111,7.3,45,4.356,"[{'id': 18, 'name': 'Drama'}, {'id': 10751, 'name': 'Family'}]",7.3,89,PG,Robert Benton
1984,57,Best Picture,0,A Soldier's Story ,"Norman Jewison, Ronald L. Schwary and Patrick Palmer, Producers",21821347,6000000,101,6.7,68,3.452,"[{'id': 18, 'name': 'Drama'}, {'id': 9648, 'name': 'Mystery'}, {'id': 10752, 'name': 'War'}, {'id': 80, 'name': 'Crime'}]",7.2,89,PG,Norman Jewison
1985,58,Best Picture,0,The Color Purple ,"Steven Spielberg, Kathleen Kennedy, Frank Marshall and Quincy Jones, Producers",146292009,15000000,154,7.8,594,7.296,"[{'id': 18, 'name': 'Drama'}]",7.7,81,PG-13,Steven Spielberg
1985,58,Best Picture,0,Kiss of the Spider Woman ,"David Weisman, Producer",17000000,1500000,120,7.1,78,5.536,"[{'id': 18, 'name': 'Drama'}]",7.4,82,R,Hector Babenco
1985,58,Best Picture,1,Out of Africa ,"Sydney Pollack, Producer",128499205,31000000,161,7.2,488,7.781,"[{'id': 36, 'name': 'History'}, {'id': 10749, 'name': 'Romance'}, {'id': 18, 'name': 'Drama'}]",7.1,62,PG,Sydney Pollack
1985,58,Best Picture,0,Prizzi's Honor ,"John Foreman, Producer",26657534,16000000,124,6.5,126,6.596,"[{'id': 10749, 'name': 'Romance'}, {'id': 35, 'name': 'Comedy'}, {'id': 80, 'name': 'Crime'}, {'id': 18, 'name': 'Drama'}]",6.7,86,R,John Huston
1985,58,Best Picture,0,Witness ,"Edward S. Feldman, Producer",68706993,12000000,113,7,609,6.769,"[{'id': 80, 'name': 'Crime'}, {'id': 18, 'name': 'Drama'}, {'id': 10749, 'name': 'Romance'}, {'id': 53, 'name': 'Thriller'}]",7.4,94,R,Peter Weir
1986,59,Best Picture,0,Children of a Lesser God ,"Burt Sugarman and Patrick Palmer, Producers",31853080,10500000,119,7,107,5.219,"[{'id': 18, 'name': 'Drama'}, {'id': 10749, 'name': 'Romance'}]",7.2,80,R,Randa Haines
1986,59,Best Picture,0,Hannah and Her Sisters ,"Robert Greenhut, Producer",40084041,6400000,107,7.6,367,8.34,"[{'id': 35, 'name': 'Comedy'}, {'id': 18, 'name': 'Drama'}]",7.8,93,PG-13,Woody Allen
1986,59,Best Picture,0,The Mission ,"Fernando Ghia and David Puttnam, Producers",17218023,24500000,126,7.3,486,8.828,"[{'id': 12, 'name': 'Adventure'}, {'id': 18, 'name': 'Drama'}, {'id': 28, 'name': 'Action'}, {'id': 36, 'name': 'History'}]",7.4,63,PG,Roland Joffe
1986,59,Best Picture,1,Platoon ,"Arnold Kopelson, Producer",138530565,6000000,120,7.7,1834,9.433,"[{'id': 18, 'name': 'Drama'}, {'id': 10752, 'name': 'War'}, {'id': 28, 'name': 'Action'}]",8.1,89,R,Oliver Stone
1986,59,Best Picture,0,A Room with a View ,"Ismail Merchant, Producer",20966644,3000000,117,7.1,279,5.943,"[{'id': 18, 'name': 'Drama'}, {'id': 10749, 'name': 'Romance'}]",7.2,100,PG,James Ivory
1987,60,Best Picture,0,Broadcast News ,"James L. Brooks, Producer",51249404,20000000,133,6.8,145,5.554,"[{'id': 35, 'name': 'Comedy'}, {'id': 18, 'name': 'Drama'}, {'id': 10749, 'name': 'Romance'}]",7.2,98,R,James L. Brooks
1987,60,Best Picture,0,Fatal Attraction ,"Stanley R. Jaffe and Sherry Lansing, Producers",320145693,14000000,119,6.7,518,8.765,"[{'id': 18, 'name': 'Drama'}, {'id': 27, 'name': 'Horror'}, {'id': 9648, 'name': 'Mystery'}, {'id': 10749, 'name': 'Romance'}, {'id': 53, 'name': 'Thriller'}]",6.9,75,R,Adrian Lyne
1987,60,Best Picture,0,Hope and Glory ,"John Boorman, Producer",10000000,9300000,113,6.7,64,3.833,"[{'id': 18, 'name': 'Drama'}, {'id': 10752, 'name': 'War'}, {'id': 35, 'name': 'Comedy'}, {'id': 36, 'name': 'History'}]",7.3,97,PG,John Boorman
1987,60,Best Picture,1,The Last Emperor ,"Jeremy Thomas, Producer",43984230,23000000,163,7.5,544,8.062,"[{'id': 18, 'name': 'Drama'}, {'id': 36, 'name': 'History'}]",7.7,86,PG-13,Bernardo Bertolucci
1987,60,Best Picture,0,Moonstruck ,"Patrick Palmer and Norman Jewison, Producers",80640528,15000000,102,6.8,295,7.901,"[{'id': 35, 'name': 'Comedy'}, {'id': 18, 'name': 'Drama'}, {'id': 10749, 'name': 'Romance'}]",7.2,94,PG,Norman Jewison
1988,61,Best Picture,0,The Accidental Tourist ,"Lawrence Kasdan, Charles Okun and Michael Grillo, Producers",32600000,15000000,121,6.2,83,5.793,"[{'id': 18, 'name': 'Drama'}, {'id': 10749, 'name': 'Romance'}, {'id': 35, 'name': 'Comedy'}]",6.7,82,PG,Lawrence Kasdan
1988,61,Best Picture,0,Dangerous Liaisons ,"Norma Heyman and Hank Moonjean, Producers",34670720,14000000,119,7.2,447,8.262,"[{'id': 18, 'name': 'Drama'}, {'id': 10749, 'name': 'Romance'}]",7.5,93,R,Stephen Frears
1988,61,Best Picture,0,Mississippi Burning ,"Frederick Zollo and Robert F. Colesberry, Producers",34604000,15000000,128,7.6,555,6.8,"[{'id': 53, 'name': 'Thriller'}, {'id': 80, 'name': 'Crime'}, {'id': 18, 'name': 'Drama'}]",7.8,79,R,Alan Parker
1988,61,Best Picture,1,Rain Man ,"Mark Johnson, Producer",412800000,25000000,134,7.7,2718,10.141,"[{'id': 18, 'name': 'Drama'}]",8,89,R,Barry Levinson
1988,61,Best Picture,0,Working Girl ,"Douglas Wick, Producer",103173635,28000000,114,6.5,373,8.854,"[{'id': 35, 'name': 'Comedy'}, {'id': 18, 'name': 'Drama'}, {'id': 10749, 'name': 'Romance'}]",6.8,84,R,Mike Nichols
1989,62,Best Picture,0,Born on the Fourth of July ,"A. Kitman Ho and Oliver Stone, Producers",161001698,14000000,145,6.9,633,10.588,"[{'id': 18, 'name': 'Drama'}, {'id': 10752, 'name': 'War'}]",7.2,84,R,Oliver Stone
1989,62,Best Picture,0,Dead Poets Society ,"Steven Haft, Paul Junger Witt and Tony Thomas, Producers",235860116,16400000,128,8.3,4835,12.923,"[{'id': 18, 'name': 'Drama'}]",8.1,84,PG,Peter Weir
1989,62,Best Picture,1,Driving Miss Daisy ,"Richard D. Zanuck and Lili Fini Zanuck, Producers",145793296,7500000,99,7.2,549,10.511,"[{'id': 35, 'name': 'Comedy'}, {'id': 18, 'name': 'Drama'}]",7.3,85,PG,Bruce Beresford
1989,62,Best Picture,0,Field of Dreams ,"Lawrence Gordon and Charles Gordon, Producers",84431625,15000000,107,7.1,589,12.311,"[{'id': 18, 'name': 'Drama'}, {'id': 14, 'name': 'Fantasy'}]",7.5,88,PG,Phil Alden Robinson
1989,62,Best Picture,0,My Left Foot ,"Noel Pearson, Producer",14743391,645180,103,7.7,323,9.509,"[{'id': 18, 'name': 'Drama'}]",7.8,98,R,Jim Sheridan
1990,63,Best Picture,0,Awakenings ,"Walter F. Parkes and Lawrence Lasker, Producers",52096475,29000000,120,7.7,929,9.963,"[{'id': 18, 'name': 'Drama'}]",7.8,84,PG-13,Penny Marshall
1990,63,Best Picture,1,Dances With Wolves ,"Jim Wilson and Kevin Costner, Producers",424208848,22000000,181,7.8,1674,15.716,"[{'id': 12, 'name': 'Adventure'}, {'id': 18, 'name': 'Drama'}, {'id': 37, 'name': 'Western'}]",8,87,PG-13,Kevin Costner
1990,63,Best Picture,0,Ghost ,"Lisa Weinstein, Producer",505000000,22000000,127,7,2328,11.95,"[{'id': 14, 'name': 'Fantasy'}, {'id': 18, 'name': 'Drama'}, {'id': 53, 'name': 'Thriller'}, {'id': 9648, 'name': 'Mystery'}, {'id': 10749, 'name': 'Romance'}]",7.1,75,PG-13,Jerry Zucker
1990,63,Best Picture,0,"The Godfather, Part III ","Francis Ford Coppola, Producer",136766062,54000000,162,7.3,2474,14.743,"[{'id': 80, 'name': 'Crime'}, {'id': 18, 'name': 'Drama'}, {'id': 53, 'name': 'Thriller'}]",7.6,66,R,Francis Ford Coppola
1990,63,Best Picture,0,Good Fellas ,"Irwin Winkler, Producer",2500000,927262,107,8.2,640,10.652,"[{'id': 80, 'name': 'Crime'}, {'id': 18, 'name': 'Drama'}, {'id': 9648, 'name': 'Mystery'}, {'id': 53, 'name': 'Thriller'}]",8.7,96,R,Martin Scorsese
1991,64,Best Picture,0,Beauty and the Beast ,"Don Hahn, Producer",377350553,25000000,84,7.7,4917,14.895,"[{'id': 10749, 'name': 'Romance'}, {'id': 10751, 'name': 'Family'}, {'id': 16, 'name': 'Animation'}, {'id': 14, 'name': 'Fantasy'}, {'id': 10402, 'name': 'Music'}]",8,94,G,"Gary Trousdale, Kirk Wise"
1991,64,Best Picture,0,Bugsy ,"Mark Johnson, Barry Levinson and Warren Beatty, Producers",49114016,30000000,134,6.3,122,6.164,"[{'id': 80, 'name': 'Crime'}, {'id': 18, 'name': 'Drama'}, {'id': 9648, 'name': 'Mystery'}]",6.8,69,R,Barry Levinson
1991,64,Best Picture,0,JFK ,"A. Kitman Ho and Oliver Stone, Producers",205405498,40000000,189,7.7,772,7.635,"[{'id': 18, 'name': 'Drama'}, {'id': 53, 'name': 'Thriller'}, {'id': 36, 'name': 'History'}]",8,84,R,Oliver Stone
1991,64,Best Picture,0,The Prince of Tides ,"Barbra Streisand and Andrew Karsch, Producers",74787599,30000000,132,6.5,94,6.092,"[{'id': 18, 'name': 'Drama'}, {'id': 10749, 'name': 'Romance'}]",6.8,69,PG-13,Barbra Streisand
1991,64,Best Picture,1,The Silence of the Lambs ,"Edward Saxon, Kenneth Utt and Ron Bozman, Producers",272742922,19000000,119,8.2,7230,4.12,"[{'id': 80, 'name': 'Crime'}, {'id': 18, 'name': 'Drama'}, {'id': 53, 'name': 'Thriller'}]",8.6,95,R,Johnathan Demme
1992,65,Best Picture,0,The Crying Game ,"Stephen Woolley, Producer",62548947,3705538,112,6.9,276,7.092,"[{'id': 10749, 'name': 'Romance'}, {'id': 80, 'name': 'Crime'}, {'id': 18, 'name': 'Drama'}, {'id': 53, 'name': 'Thriller'}]",7.2,94,R,Neil Jordan
1992,65,Best Picture,0,A Few Good Men ,"David Brown, Rob Reiner and Andrew Scheinman, Producers",243240178,40000000,138,7.3,1381,8.392,"[{'id': 18, 'name': 'Drama'}]",7.7,84,R,Rob Reiner
1992,65,Best Picture,0,Howards End ,"Ismail Merchant, Producer",26126837,8000000,140,7.2,175,8.954,"[{'id': 18, 'name': 'Drama'}, {'id': 10749, 'name': 'Romance'}]",7.4,94,PG,James Ivory
1992,65,Best Picture,0,Scent of a Woman ,"Martin Brest, Producer",134095253,31000000,157,7.5,1158,9.412,"[{'id': 18, 'name': 'Drama'}]",8,88,R,Martin Brest
1992,65,Best Picture,1,Unforgiven ,"Clint Eastwood, Producer",159157447,14000000,131,7.9,1686,12.314,"[{'id': 37, 'name': 'Western'}]",8.2,96,R,Clint Eastwood
1993,66,Best Picture,0,The Fugitive ,"Arnold Kopelson, Producer",368875760,44000000,131,7.3,1808,11.431,"[{'id': 12, 'name': 'Adventure'}, {'id': 28, 'name': 'Action'}, {'id': 53, 'name': 'Thriller'}, {'id': 80, 'name': 'Crime'}, {'id': 9648, 'name': 'Mystery'}]",7.8,96,PG-13,Andrew Davis
1993,66,Best Picture,0,In the Name of the Father ,"Jim Sheridan, Producer",65796862,13000000,133,7.9,626,6.367,"[{'id': 18, 'name': 'Drama'}]",8.1,95,R,Jim Sheridan
1993,66,Best Picture,0,The Piano ,"Jan Chapman, Producer",116700000,7000000,121,7.3,492,9.408,"[{'id': 18, 'name': 'Drama'}, {'id': 10749, 'name': 'Romance'}]",7.5,90,R,Jane Campion
1993,66,Best Picture,0,The Remains of the Day ,"Mike Nichols, John Calley and Ismail Merchant, Producers",23237911,11500000,134,7.6,383,7.518,"[{'id': 18, 'name': 'Drama'}, {'id': 10749, 'name': 'Romance'}]",7.8,95,PG,James Ivory
1993,66,Best Picture,1,Schindler's List ,"Steven Spielberg, Gerald R. Molen and Branko Lustig, Producers",321365567,22000000,195,8.5,6792,23.276,"[{'id': 18, 'name': 'Drama'}, {'id': 36, 'name': 'History'}, {'id': 10752, 'name': 'War'}]",9,98,R,Steven Spielberg
1994,67,Best Picture,1,Forrest Gump ,"Wendy Finerman, Steve Tisch and Steve Starkey, Producers",677945399,55000000,142,8.4,12599,26.235,"[{'id': 35, 'name': 'Comedy'}, {'id': 18, 'name': 'Drama'}, {'id': 10749, 'name': 'Romance'}]",8.8,71,PG-13,Robert Zemeckis
1994,67,Best Picture,0,Four Weddings and a Funeral ,"Duncan Kenworthy, Producer",254700832,6000000,117,6.7,1095,7.773,"[{'id': 35, 'name': 'Comedy'}, {'id': 18, 'name': 'Drama'}, {'id': 10749, 'name': 'Romance'}]",7.1,92,R,Mike Newell
1994,67,Best Picture,0,Pulp Fiction ,"Lawrence Bender, Producer",213928762,8000000,154,8.4,13152,28.08,"[{'id': 53, 'name': 'Thriller'}, {'id': 80, 'name': 'Crime'}]",8.9,92,R,Quentin Tarantino
1994,67,Best Picture,0,Quiz Show ,"Robert Redford, Michael Jacobs, Julian Krainin and Michael Nozik, Producers",52200000,31000000,133,7.3,376,7.251,"[{'id': 36, 'name': 'History'}, {'id': 18, 'name': 'Drama'}]",7.5,97,PG-13,Robert Redford
1994,67,Best Picture,0,The Shawshank Redemption ,"Niki Marvin, Producer",28341469,25000000,142,8.6,11467,21.826,"[{'id': 18, 'name': 'Drama'}, {'id': 80, 'name': 'Crime'}]",9.3,89,R,Frank Darabont
1995,68,Best Picture,0,Apollo 13 ,"Brian Grazer, Producer",355237933,52000000,140,7.4,2427,20.011,"[{'id': 18, 'name': 'Drama'}, {'id': 36, 'name': 'History'}]",7.7,96,PG,Ron Howard
1995,68,Best Picture,0,Babe ,"George Miller, Doug Mitchell and Bill Miller, Producers",254134910,30000000,89,6.1,1270,12.489,"[{'id': 14, 'name': 'Fantasy'}, {'id': 18, 'name': 'Drama'}, {'id': 35, 'name': 'Comedy'}, {'id': 10751, 'name': 'Family'}]",6.9,97,G,Chris Noonan
1995,68,Best Picture,1,Braveheart ,"Mel Gibson, Alan Ladd, Jr. and Bruce Davey, Producers",210000000,72000000,177,7.8,4842,17.607,"[{'id': 28, 'name': 'Action'}, {'id': 18, 'name': 'Drama'}, {'id': 36, 'name': 'History'}, {'id': 10752, 'name': 'War'}]",8.3,76,R,Mel Gibson
1995,68,Best Picture,0,The Postman (Il Postino) ,"Mario Cecchi Gori, Vittorio Cecchi Gori and Gaetano Daniele, Producers",30000000,80000000,108,7.9,372,8.725,"[{'id': 35, 'name': 'Comedy'}, {'id': 18, 'name': 'Drama'}, {'id': 10749, 'name': 'Romance'}]",7.7,94,PG,Michael Radford
1995,68,Best Picture,0,Sense and Sensibility ,"Lindsay Doran, Producer",134582776,16000000,136,7.4,587,9.045,"[{'id': 18, 'name': 'Drama'}, {'id': 10749, 'name': 'Romance'}]",7.7,98,PG,Ang Lee
1996,69,Best Picture,1,The English Patient ,"Saul Zaentz, Producer",231976425,27000000,162,7.1,875,11.814,"[{'id': 18, 'name': 'Drama'}, {'id': 10749, 'name': 'Romance'}, {'id': 10752, 'name': 'War'}]",7.4,85,R,Anthony Minghella
1996,69,Best Picture,0,Fargo ,"Ethan Coen, Producer",60611975,7000000,98,7.8,3294,10.266,"[{'id': 80, 'name': 'Crime'}, {'id': 18, 'name': 'Drama'}, {'id': 53, 'name': 'Thriller'}]",8.1,94,R,Joel Coen
1996,69,Best Picture,0,Jerry Maguire ,"James L. Brooks, Laurence Mark, Richard Sakai and Cameron Crowe, Producers",273552592,50000000,139,6.8,1393,8.868,"[{'id': 35, 'name': 'Comedy'}, {'id': 18, 'name': 'Drama'}, {'id': 10749, 'name': 'Romance'}]",7.3,84,R,Cameron Crowe
1996,69,Best Picture,0,Secrets & Lies ,"Simon Channing-Williams, Producer",13417292,4500000,142,7.5,202,6.599,"[{'id': 18, 'name': 'Drama'}]",8,96,R,Mike Leigh
1996,69,Best Picture,0,Shine ,"Jane Scott, Producer",35892330,5500000,105,7.4,232,6.054,"[{'id': 18, 'name': 'Drama'}]",7.7,91,PG-13,Scott Hicks
1997,70,Best Picture,0,As Good as It Gets ,"James L. Brooks, Bridget Johnson and Kristi Zea, Producers",314178011,50000000,139,7.4,1471,15.208,"[{'id': 35, 'name': 'Comedy'}, {'id': 10749, 'name': 'Romance'}]",7.7,85,PG-13,James L. Brooks
1997,70,Best Picture,0,The Full Monty ,"Uberto Pasolini, Producer",257850122,3500000,91,6.9,654,9.302,"[{'id': 35, 'name': 'Comedy'}]",7.2,96,R,Peter Catteneo
1997,70,Best Picture,0,Good Will Hunting ,"Lawrence Bender, Producer",225933435,10000000,127,8,4772,16.918,"[{'id': 18, 'name': 'Drama'}]",8.3,97,R,Gus Van Sant
1997,70,Best Picture,0,L.A. Confidential ,"Arnon Milchan, Curtis Hanson and Michael Nathanson, Producers",126216940,35000000,138,7.8,2016,12.814,"[{'id': 80, 'name': 'Crime'}, {'id': 18, 'name': 'Drama'}, {'id': 9648, 'name': 'Mystery'}, {'id': 53, 'name': 'Thriller'}]",8.2,99,R,Curtis Hanson
1997,70,Best Picture,1,Titanic ,"James Cameron and Jon Landau, Producers",1845034188,200000000,194,7.7,12186,18.846,"[{'id': 18, 'name': 'Drama'}, {'id': 10749, 'name': 'Romance'}, {'id': 53, 'name': 'Thriller'}]",7.9,88,PG-13,James Cameron
1998,71,Best Picture,0,Elizabeth ,"Alison Owen, Eric Fellner and Tim Bevan, Producers",82150642,30000000,124,7.2,560,8.316,"[{'id': 18, 'name': 'Drama'}, {'id': 36, 'name': 'History'}]",7.4,83,R,Shekhar Kapur
1998,71,Best Picture,0,Life Is Beautiful ,"Elda Ferri and Gianluigi Braschi, Producers",229400000,20000000,116,8.4,6164,13.366,"[{'id': 35, 'name': 'Comedy'}, {'id': 18, 'name': 'Drama'}]",8.6,80,PG-13,Roberto Benigni
1998,71,Best Picture,0,Saving Private Ryan ,"Steven Spielberg, Ian Bryce, Mark Gordon and Gary Levinsohn, Producers",481840909,70000000,169,8,7311,22.75,"[{'id': 18, 'name': 'Drama'}, {'id': 36, 'name': 'History'}, {'id': 10752, 'name': 'War'}]",8.6,94,R,Steven Spielberg
1998,71,Best Picture,1,Shakespeare in Love ,"David Parfitt, Donna Gigliotti, Harvey Weinstein, Edward Zwick and Marc Norman, Producers",289317794,25000000,122,6.9,1441,10.658,"[{'id': 36, 'name': 'History'}, {'id': 10749, 'name': 'Romance'}, {'id': 35, 'name': 'Comedy'}]",7.1,92,R,John Madden
1998,71,Best Picture,0,The Thin Red Line ,"Robert Michael Geisler, John Roberdeau and Grant Hill, Producers",98126565,52000000,170,7.3,1213,10.128,"[{'id': 18, 'name': 'Drama'}, {'id': 36, 'name': 'History'}, {'id': 10752, 'name': 'War'}]",7.6,80,R,Terrence Malick
1999,72,Best Picture,1,American Beauty ,"Bruce Cohen and Dan Jinks, Producers",356296601,15000000,122,8,5549,19.715,"[{'id': 18, 'name': 'Drama'}]",8.3,87,R,Sam Mendes
1999,72,Best Picture,0,The Cider House Rules ,"Richard N. Gladstein, Producer",88545092,24000000,126,7,462,6.561,"[{'id': 18, 'name': 'Drama'}]",7.4,72,PG-13,Lasse Hallstrom
1999,72,Best Picture,0,The Green Mile ,"David Valdes and Frank Darabont, Producers",284600000,60000000,189,8.4,6896,25.67,"[{'id': 14, 'name': 'Fantasy'}, {'id': 18, 'name': 'Drama'}, {'id': 80, 'name': 'Crime'}]",8.6,78,R,Frank Darabont
1999,72,Best Picture,0,The Insider ,"Michael Mann and Pieter Jan Brugge, Producers",60289912,90000000,157,7.4,724,7.914,"[{'id': 18, 'name': 'Drama'}, {'id': 53, 'name': 'Thriller'}]",7.8,96,R,Michael Mann
1999,72,Best Picture,0,The Sixth Sense ,"Frank Marshall, Kathleen Kennedy and Barry Mendel, Producers",672806292,40000000,107,7.8,5149,18.728,"[{'id': 9648, 'name': 'Mystery'}, {'id': 53, 'name': 'Thriller'}, {'id': 18, 'name': 'Drama'}]",8.2,86,PG-13,M. Night Shyamalan
2000,73,Best Picture,0,Chocolat ,"David Brown, Kit Golden and Leslie Holleran, Producers",152500343,25000000,121,6.9,1573,8.086,"[{'id': 35, 'name': 'Comedy'}, {'id': 18, 'name': 'Drama'}, {'id': 10749, 'name': 'Romance'}]",7.2,63,PG-13,Lasse Hallstrom
2000,73,Best Picture,0,"Crouching Tiger, Hidden Dragon ","Bill Kong, Hsu Li Kong and Ang Lee, Producers",213525736,17000000,120,7.3,1390,10.483,"[{'id': 12, 'name': 'Adventure'}, {'id': 18, 'name': 'Drama'}, {'id': 28, 'name': 'Action'}, {'id': 10749, 'name': 'Romance'}]",7.9,98,PG-13,Ang Lee
2000,73,Best Picture,0,Erin Brockovich ,"Danny DeVito, Michael Shamberg and Stacey Sher, Producers",256271286,52000000,131,7.2,1243,7.245,"[{'id': 18, 'name': 'Drama'}]",7.4,85,R,Steven Soderbergh
2000,73,Best Picture,1,Gladiator ,"Douglas Wick, David Franzoni and Branko Lustig, Producers",457640427,103000000,155,8.1,8389,21.014,"[{'id': 28, 'name': 'Action'}, {'id': 18, 'name': 'Drama'}, {'id': 12, 'name': 'Adventure'}]",8.5,77,R,Ridley Scott
2000,73,Best Picture,0,Traffic ,"Edward Zwick, Marshall Herskovitz and Laura Bickford, Producers",207515725,48000000,147,7,869,12.625,"[{'id': 53, 'name': 'Thriller'}, {'id': 18, 'name': 'Drama'}, {'id': 80, 'name': 'Crime'}]",7.6,92,R,Steven Soderbergh
2001,74,Best Picture,1,A Beautiful Mind ,"Brian Grazer and Ron Howard, Producers",313542341,60000000,135,7.8,4721,16.316,"[{'id': 18, 'name': 'Drama'}, {'id': 10749, 'name': 'Romance'}]",8.2,74,PG-13,Ron Howard
2001,74,Best Picture,0,Gosford Park ,"Robert Altman, Bob Balaban and David Levy, Producers",87754044,19800000,137,7,394,6.709,"[{'id': 18, 'name': 'Drama'}, {'id': 9648, 'name': 'Mystery'}, {'id': 53, 'name': 'Thriller'}]",7.2,86,R,Robert Altman
2001,74,Best Picture,0,In the Bedroom ,"Graham Leader, Ross Katz and Todd Field, Producers",44800000,1700000,130,6.8,133,5.419,"[{'id': 18, 'name': 'Drama'}, {'id': 53, 'name': 'Thriller'}]",7.4,93,R,Todd Field
2001,74,Best Picture,0,The Lord of the Rings: The Fellowship of the Ring ,"Peter Jackson, Fran Walsh and Barrie M. Osborne, Producers",871368364,93000000,178,8.2,12719,41.611,"[{'id': 12, 'name': 'Adventure'}, {'id': 14, 'name': 'Fantasy'}, {'id': 28, 'name': 'Action'}]",8.8,91,PG-13,Peter Jackson
2001,74,Best Picture,0,Moulin Rouge ,"Martin Brown, Baz Luhrmann and Fred Baron, Producers",197000000,50000000,119,6.7,28,3.097,"[{'id': 18, 'name': 'Drama'}, {'id': 10402, 'name': 'Music'}]",7.6,76,PG-13,Baz Luhrmann
2002,75,Best Picture,1,Chicago ,"Martin Richards, Producer",306776732,45000000,113,7.1,1115,11.807,"[{'id': 35, 'name': 'Comedy'}, {'id': 80, 'name': 'Crime'}, {'id': 18, 'name': 'Drama'}, {'id': 10402, 'name': 'Music'}]",7.2,86,PG-13,Rob Marshall
2002,75,Best Picture,0,Gangs of New York ,"Alberto Grimaldi and Harvey Weinstein, Producers",193772504,100000000,167,7.2,2991,15.273,"[{'id': 18, 'name': 'Drama'}, {'id': 36, 'name': 'History'}, {'id': 80, 'name': 'Crime'}]",7.5,73,R,Martin Scorsese
2002,75,Best Picture,0,The Hours ,"Scott Rudin and Robert Fox, Producers",41597830,25000000,114,7.3,735,8.451,"[{'id': 18, 'name': 'Drama'}]",7.5,80,PG-13,Stephen Daldry
2002,75,Best Picture,0,The Lord of the Rings: The Two Towers ,"Barrie M. Osborne, Fran Walsh and Peter Jackson, Producers",926287400,79000000,179,8.2,10980,43.001,"[{'id': 12, 'name': 'Adventure'}, {'id': 14, 'name': 'Fantasy'}, {'id': 28, 'name': 'Action'}]",8.8,95,PG-13,Peter Jackson
2002,75,Best Picture,0,The Pianist ,"Roman Polanski, Robert Benmussa and Alain Sarde, Producers",120072577,35000000,150,8.2,3223,23.02,"[{'id': 18, 'name': 'Drama'}, {'id': 10752, 'name': 'War'}]",8.5,95,R,Roman Polanski
2003,76,Best Picture,1,The Lord of the Rings: The Return of the King ,"Barrie M. Osborne, Peter Jackson and Fran Walsh, Producers",1118888979,94000000,201,8.4,11593,32.474,"[{'id': 12, 'name': 'Adventure'}, {'id': 14, 'name': 'Fantasy'}, {'id': 28, 'name': 'Action'}]",9,94,PG-13,Peter Jackson
2003,76,Best Picture,0,Lost in Translation ,"Ross Katz and Sofia Coppola, Producers",119723856,4000000,102,7.4,2913,14.701,"[{'id': 18, 'name': 'Drama'}]",7.7,95,R,Sofia Coppola
2003,76,Best Picture,0,Master and Commander: The Far Side of the World ,"Samuel Goldwyn, Jr., Peter Weir and Duncan Henderson, Producers",212011111,150000000,138,7.1,1274,18.58,"[{'id': 12, 'name': 'Adventure'}, {'id': 18, 'name': 'Drama'}]",7.4,85,PG-13,Ptere Weir
2003,76,Best Picture,0,Mystic River ,"Robert Lorenz, Judie G. Hoyt and Clint Eastwood, Producers",156822020,25000000,138,7.7,2496,8.916,"[{'id': 53, 'name': 'Thriller'}, {'id': 80, 'name': 'Crime'}, {'id': 18, 'name': 'Drama'}, {'id': 9648, 'name': 'Mystery'}]",7.9,88,R,Clint Eastwood
2003,76,Best Picture,0,Seabiscuit ,"Kathleen Kennedy, Frank Marshall and Gary Ross, Producers",148336445,87000000,141,6.9,350,7.38,"[{'id': 18, 'name': 'Drama'}, {'id': 36, 'name': 'History'}]",7.3,78,PG-13,Gary Ross
2004,77,Best Picture,0,The Aviator ,"Michael Mann and Graham King, Producers",102000000,116000000,170,7.1,2319,14.428,"[{'id': 18, 'name': 'Drama'}]",7.5,86,PG-13,Martin Scorsese
2004,77,Best Picture,0,Finding Neverland ,"Richard N. Gladstein and Nellie Bellflower, Producers",116766556,25000000,106,7.3,1998,15.96,"[{'id': 18, 'name': 'Drama'}]",7.6,83,PG,Marc Forster
2004,77,Best Picture,1,Million Dollar Baby ,"Clint Eastwood, Albert S. Ruddy and Tom Rosenberg, Producers",216763646,30000000,132,7.9,4112,12.817,"[{'id': 18, 'name': 'Drama'}]",8.1,90,PG-13,Clint Eastwood
2004,77,Best Picture,0,Ray ,"Taylor Hackford, Stuart Benjamin and Howard Baldwin, Producers",124731534,40000000,152,7.3,729,8.12,"[{'id': 18, 'name': 'Drama'}, {'id': 10402, 'name': 'Music'}]",7.7,80,PG-13,Taylor Hackford
2004,77,Best Picture,0,Sideways ,"Michael London, Producer",109502303,16000000,127,7.1,701,7.818,"[{'id': 35, 'name': 'Comedy'}, {'id': 18, 'name': 'Drama'}, {'id': 10749, 'name': 'Romance'}]",7.5,97,R,Alexander Payne
2005,78,Best Picture,0,Brokeback Mountain ,"Diana Ossana and James Schamus, Producers",178043761,14000000,134,7.7,2745,15.518,"[{'id': 18, 'name': 'Drama'}, {'id': 10749, 'name': 'Romance'}]",7.7,88,R,Ang Lee
2005,78,Best Picture,0,Capote ,"Caroline Baron, William Vince and Michael Ohoven, Producers",49084830,7000000,114,7,605,5.588,"[{'id': 80, 'name': 'Crime'}, {'id': 18, 'name': 'Drama'}]",7.3,89,R,Bennett Miller
2005,78,Best Picture,1,Crash ,"Paul Haggis and Cathy Schulman, Producers",98410061,6500000,112,7.3,1680,11.192,"[{'id': 18, 'name': 'Drama'}]",7.7,74,R,Paul Haggis
2005,78,Best Picture,0,"Good Night, and Good Luck. ","Grant Heslov, Producer",54600000,7000000,93,7.1,393,5.259,"[{'id': 18, 'name': 'Drama'}, {'id': 36, 'name': 'History'}]",7.4,93,PG,George Clooney
2005,78,Best Picture,0,Munich ,"Kathleen Kennedy, Steven Spielberg and Barry Mendel, Producers",130358911,70000000,164,7.1,1079,8.848,"[{'id': 18, 'name': 'Drama'}, {'id': 28, 'name': 'Action'}, {'id': 36, 'name': 'History'}, {'id': 53, 'name': 'Thriller'}]",7.5,78,R,Steven Spielberg
2006,79,Best Picture,0,Babel ,"Alejandro González Iñárritu, Jon Kilik and Steve Golin, Producers",135330182,25000000,143,7,1625,10.612,"[{'id': 18, 'name': 'Drama'}]",7.5,69,R,Alejandro G. Inarritu
2006,79,Best Picture,1,The Departed ,"Graham King, Producer",289847354,90000000,151,8.1,6750,19.802,"[{'id': 18, 'name': 'Drama'}, {'id': 53, 'name': 'Thriller'}, {'id': 80, 'name': 'Crime'}]",8.5,91,R,Martin Scorsese
2006,79,Best Picture,0,Letters from Iwo Jima ,"Clint Eastwood, Steven Spielberg and Robert Lorenz, Producers",68673228,19000000,141,7.4,843,7.807,"[{'id': 28, 'name': 'Action'}, {'id': 18, 'name': 'Drama'}, {'id': 10752, 'name': 'War'}]",7.8,91,R,Clint Eastwood
2006,79,Best Picture,0,Little Miss Sunshine ,"David T. Friendly, Peter Saraf and Marc Turtletaub, Producers",100523181,8000000,102,7.6,2933,7.143,"[{'id': 35, 'name': 'Comedy'}, {'id': 18, 'name': 'Drama'}]",7.8,91,R,"Valerie Faris, Jonathan Dayton"
2006,79,Best Picture,0,The Queen ,"Andy Harries, Christine Langan and Tracey Seaward, Producers",123384128,15000000,103,7,543,5.492,"[{'id': 18, 'name': 'Drama'}]",7.3,96,PG-13,Stephen Frears
2007,80,Best Picture,0,Atonement ,"Tim Bevan, Eric Fellner and Paul Webster, Producers",129266061,30000000,123,7.5,1716,9.586,"[{'id': 18, 'name': 'Drama'}, {'id': 10749, 'name': 'Romance'}]",7.8,83,R,Joe Wright
2007,80,Best Picture,0,Juno ,"Lianne Halfon, Mason Novick and Russell Smith, Producers",231411584,7500000,96,7,3591,10.614,"[{'id': 35, 'name': 'Comedy'}, {'id': 18, 'name': 'Drama'}, {'id': 10749, 'name': 'Romance'}]",7.5,94,PG-13,Jason Reitman
2007,80,Best Picture,0,Michael Clayton ,"Sydney Pollack, Jennifer Fox and Kerry Orent, Producers",92991835,25000000,119,6.7,732,8.324,"[{'id': 18, 'name': 'Drama'}, {'id': 9648, 'name': 'Mystery'}, {'id': 80, 'name': 'Crime'}, {'id': 53, 'name': 'Thriller'}]",7.2,90,R,Tony Gilroy
2007,80,Best Picture,1,No Country for Old Men ,"Scott Rudin, Ethan Coen and Joel Coen, Producers",171627166,25000000,122,7.9,4939,11.282,"[{'id': 80, 'name': 'Crime'}, {'id': 18, 'name': 'Drama'}, {'id': 53, 'name': 'Thriller'}]",8.2,93,R,Coen Brothers
2007,80,Best Picture,0,There Will Be Blood ,"JoAnne Sellar, Paul Thomas Anderson and Daniel Lupi, Producers",77208711,25000000,158,8,2460,13.016,"[{'id': 18, 'name': 'Drama'}]",8.2,91,R,Paul Thomas Anderson
2008,81,Best Picture,0,The Curious Case of Benjamin Button ,"Kathleen Kennedy, Frank Marshall and Ceán Chaffin, Producers",333932083,150000000,166,7.4,5520,13.821,"[{'id': 14, 'name': 'Fantasy'}, {'id': 18, 'name': 'Drama'}, {'id': 53, 'name': 'Thriller'}, {'id': 9648, 'name': 'Mystery'}, {'id': 10749, 'name': 'Romance'}]",7.8,71,PG-13,David Fincher
2008,81,Best Picture,0,Frost/Nixon ,"Brian Grazer, Ron Howard and Eric Fellner, Producers",18593156,25000000,122,7.4,509,7.694,"[{'id': 18, 'name': 'Drama'}, {'id': 36, 'name': 'History'}]",7.7,93,R,Ron How+Q335ard
2008,81,Best Picture,0,Milk ,"Dan Jinks and Bruce Cohen, Producers",54586584,20000000,128,7.3,980,10.324,"[{'id': 36, 'name': 'History'}, {'id': 18, 'name': 'Drama'}]",7.5,93,R,Gus Van Sant
2008,81,Best Picture,0,The Reader ,"Anthony Minghella, Sydney Pollack, Donna Gigliotti and Redmond Morris, Producers",113019290,32000000,124,7.4,1320,11.236,"[{'id': 18, 'name': 'Drama'}, {'id': 10749, 'name': 'Romance'}]",7.6,63,R,Stephen Daldry
2008,81,Best Picture,1,Slumdog Millionaire ,"Christian Colson, Producer",377910544,15000000,120,7.7,4792,10.86,"[{'id': 18, 'name': 'Drama'}, {'id': 10749, 'name': 'Romance'}]",8,91,R,Danny Boyle
2009,82,Best Picture,0,Avatar ,"James Cameron and Jon Landau, Producers",2787965087,237000000,162,7.4,16690,25.562,"[{'id': 28, 'name': 'Action'}, {'id': 12, 'name': 'Adventure'}, {'id': 14, 'name': 'Fantasy'}, {'id': 878, 'name': 'Science Fiction'}]",7.9,82,PG-13,James Cameron
2009,82,Best Picture,0,The Blind Side ,"Gil Netter, Andrew A. Kosove and Broderick Johnson, Producers",309208309,29000000,129,7.4,2389,15.215,"[{'id': 18, 'name': 'Drama'}]",7.6,66,PG-13,John Lee Hancock
2009,82,Best Picture,0,District 9 ,"Peter Jackson and Carolynne Cunningham, Producers",210819611,30000000,112,7.3,4841,12.883,"[{'id': 878, 'name': 'Science Fiction'}]",7.9,90,R,Neill Blomkamp
2009,82,Best Picture,0,An Education ,"Finola Dwyer and Amanda Posey, Producers",26096852,7500000,100,7,631,9.261,"[{'id': 18, 'name': 'Drama'}, {'id': 10749, 'name': 'Romance'}]",7.3,93,PG-13,Lone Scherfig
2009,82,Best Picture,1,The Hurt Locker ,"Kathryn Bigelow, Mark Boal, Nicolas Chartier and Greg Shapiro, Producers",42000000,15000000,131,7.2,2686,11.415,"[{'id': 18, 'name': 'Drama'}, {'id': 53, 'name': 'Thriller'}, {'id': 10752, 'name': 'War'}]",7.5,97,R,Kathryn Bigelow
2009,82,Best Picture,0,Inglourious Basterds ,"Lawrence Bender, Producer",319131050,70000000,153,8.1,10205,25.568,"[{'id': 18, 'name': 'Drama'}, {'id': 28, 'name': 'Action'}, {'id': 53, 'name': 'Thriller'}, {'id': 10752, 'name': 'War'}]",8.3,89,R,Quentin Tarantino
2009,82,Best Picture,0,Precious: Based on the Novel 'Push' by Sapphire ,"Lee Daniels, Sarah Siegel-Magness and Gary Magness, Producers",47536959,10000000,110,7.1,664,7.383,"[{'id': 18, 'name': 'Drama'}]",7.3,92,R,Lee Daniels
2009,82,Best Picture,0,A Serious Man ,"Joel Coen and Ethan Coen, Producers",31430334,7000000,105,6.7,813,8.107,"[{'id': 35, 'name': 'Comedy'}, {'id': 18, 'name': 'Drama'}]",7,89,R,Coen Brothers
2009,82,Best Picture,0,Up ,"Jonas Rivera, Producer",735099082,175000000,96,7.9,10750,23.959,"[{'id': 16, 'name': 'Animation'}, {'id': 35, 'name': 'Comedy'}, {'id': 10751, 'name': 'Family'}, {'id': 12, 'name': 'Adventure'}]",8.3,98,PG,Pete Docter
2009,82,Best Picture,0,Up in the Air ,"Daniel Dubiecki, Ivan Reitman and Jason Reitman, Producers",163670000,25000000,110,6.8,1811,9.958,"[{'id': 18, 'name': 'Drama'}, {'id': 10749, 'name': 'Romance'}]",7.4,90,R,Jason Reitman
2010,83,Best Picture,0,Black Swan ,"Mike Medavoy, Brian Oliver and Scott Franklin, Producers",327803731,13000000,108,7.5,7275,14.984,"[{'id': 18, 'name': 'Drama'}, {'id': 53, 'name': 'Thriller'}]",8,85,R,Darren Aronofsky
2010,83,Best Picture,0,The Fighter ,"David Hoberman, Todd Lieberman and Mark Wahlberg, Producers",93617009,25000000,116,7.3,2061,11.924,"[{'id': 18, 'name': 'Drama'}]",7.8,91,R,David O. Russell
2010,83,Best Picture,0,Inception ,"Emma Thomas and Christopher Nolan, Producers",825532764,160000000,148,8.2,19633,37.123,"[{'id': 28, 'name': 'Action'}, {'id': 53, 'name': 'Thriller'}, {'id': 878, 'name': 'Science Fiction'}, {'id': 9648, 'name': 'Mystery'}, {'id': 12, 'name': 'Adventure'}]",8.8,87,PG-13,Christopher Nolan
2010,83,Best Picture,0,The Kids Are All Right ,"Gary Gilbert, Jeffrey Levy-Hinte and Celine Rattray, Producers",34705850,3500000,106,6.6,754,7.467,"[{'id': 35, 'name': 'Comedy'}, {'id': 18, 'name': 'Drama'}]",7,93,R,Lisa Cholodenko
2010,83,Best Picture,1,The King's Speech ,"Iain Canning, Emile Sherman and Gareth Unwin, Producers",414211549,15000000,118,7.7,4314,15.075,"[{'id': 18, 'name': 'Drama'}, {'id': 36, 'name': 'History'}]",8,94,R,Tom Hooper
2010,83,Best Picture,0,127 Hours ,"Christian Colson, Danny Boyle and John Smithson, Producers",35692920,18000000,94,7,3867,9.509,"[{'id': 12, 'name': 'Adventure'}, {'id': 18, 'name': 'Drama'}, {'id': 53, 'name': 'Thriller'}]",7.5,93,R,Danny Boyle
2010,83,Best Picture,0,The Social Network ,"Scott Rudin, Dana Brunetti, Michael De Luca and Ceán Chaffin, Producers",224920315,40000000,121,7.2,5226,16.042,"[{'id': 18, 'name': 'Drama'}]",7.8,96,PG-13,David Fincher
2010,83,Best Picture,0,Toy Story 3 ,"Darla K. Anderson, Producer",1066969703,200000000,103,7.7,7209,21.329,"[{'id': 16, 'name': 'Animation'}, {'id': 10751, 'name': 'Family'}, {'id': 35, 'name': 'Comedy'}]",8.3,98,G,Lee Unkrich
2010,83,Best Picture,0,True Grit ,"Scott Rudin, Ethan Coen and Joel Coen, Producers",252276927,38000000,110,7.2,2430,13.527,"[{'id': 18, 'name': 'Drama'}, {'id': 12, 'name': 'Adventure'}, {'id': 37, 'name': 'Western'}]",7.6,95,PG-13,Coen Brothers
2010,83,Best Picture,0,Winter's Bone ,"Anne Rosellini and Alix Madigan-Yorkin, Producers",13831503,2000000,101,6.9,824,8.173,"[{'id': 18, 'name': 'Drama'}]",7.2,94,R,Debra Granik
2011,84,Best Picture,1,The Artist ,"Thomas Langmann, Producer",133432856,15000000,100,7.4,1562,9.586,"[{'id': 18, 'name': 'Drama'}, {'id': 35, 'name': 'Comedy'}, {'id': 10749, 'name': 'Romance'}]",7.9,95,PG-13,Michel Hazanavicius
2011,84,Best Picture,0,The Descendants ,"Jim Burke, Alexander Payne and Jim Taylor, Producers",177243185,20000000,115,6.8,1344,10.113,"[{'id': 35, 'name': 'Comedy'}, {'id': 18, 'name': 'Drama'}]",7.3,88,R,Alexander Payne
2011,84,Best Picture,0,Extremely Loud & Incredibly Close ,"Scott Rudin, Producer",55247881,40000000,129,7,1091,7.297,"[{'id': 18, 'name': 'Drama'}]",6.9,45,PG-13,Stephen Daldry
2011,84,Best Picture,0,The Help ,"Brunson Green, Chris Columbus and Michael Barnathan, Producers",124272124,25000000,146,8.1,3301,10.802,"[{'id': 18, 'name': 'Drama'}]",8.1,76,PG-13,Tate Taylor
2011,84,Best Picture,0,Hugo ,"Graham King and Martin Scorsese, Producers",185770160,170000000,126,7.1,3484,9.764,"[{'id': 12, 'name': 'Adventure'}, {'id': 18, 'name': 'Drama'}, {'id': 10751, 'name': 'Family'}]",7.5,93,PG,Martin Scorsese
2011,84,Best Picture,0,Midnight in Paris ,"Letty Aronson and Stephen Tenenbaum, Producers",151119219,30000000,94,7.5,3345,9.948,"[{'id': 14, 'name': 'Fantasy'}, {'id': 35, 'name': 'Comedy'}, {'id': 10749, 'name': 'Romance'}]",7.6,93,PG-13,Woody Allen
2011,84,Best Picture,0,Moneyball ,"Michael De Luca, Rachael Horovitz and Brad Pitt, Producers",110206216,50000000,134,7.1,1990,10.982,"[{'id': 18, 'name': 'Drama'}]",7.6,94,PG-13,Bennett Miller
2011,84,Best Picture,0,The Tree of Life ,"Sarah Green, Bill Pohlad, Dede Gardner and Grant Hill, Producers",54674226,32000000,139,6.6,1511,7.975,"[{'id': 18, 'name': 'Drama'}, {'id': 14, 'name': 'Fantasy'}]",6.8,84,PG-13,Terrence Malick
2011,84,Best Picture,0,War Horse ,"Steven Spielberg and Kathleen Kennedy, Producers",177584879,66000000,146,7.2,1584,8.448,"[{'id': 18, 'name': 'Drama'}, {'id': 10752, 'name': 'War'}]",7.2,75,PG-13,Steven Spielberg
2012,85,Best Picture,0,Amour ,"Margaret Menegoz, Stefan Arndt, Veit Heiduschka and Michael Katz, Producers",29844753,8900000,127,7.7,632,6.476,"[{'id': 18, 'name': 'Drama'}, {'id': 10749, 'name': 'Romance'}]",7.9,93,PG-13,Michael Haneke
2012,85,Best Picture,1,Argo ,"Grant Heslov, Ben Affleck and George Clooney, Producers",232324128,44500000,120,7.2,4613,10.378,"[{'id': 18, 'name': 'Drama'}, {'id': 53, 'name': 'Thriller'}]",7.7,96,R,Ben Affleck
2012,85,Best Picture,0,Beasts of the Southern Wild ,"Dan Janvey, Josh Penn and Michael Gottwald, Producers",21107746,1800000,93,6.9,556,5.804,"[{'id': 18, 'name': 'Drama'}, {'id': 14, 'name': 'Fantasy'}]",7.2,86,PG-13,Benh Zeitlin
2012,85,Best Picture,0,Django Unchained ,"Stacey Sher, Reginald Hudlin and Pilar Savone, Producers",425368238,100000000,165,8,13911,18.029,"[{'id': 18, 'name': 'Drama'}, {'id': 37, 'name': 'Western'}]",8.5,87,R,Quentin Tarantino
2012,85,Best Picture,0,Les Misérables ,"Tim Bevan, Eric Fellner, Debra Hayward and Cameron Mackintosh, Producers",441809770,61000000,157,7.3,2843,15.611,"[{'id': 36, 'name': 'History'}, {'id': 18, 'name': 'Drama'}]",7.5,69,PG-13,Tom Hooper
2012,85,Best Picture,0,Life of Pi ,"Gil Netter, Ang Lee and David Womark, Producers",609016565,120000000,127,7.3,7881,11.392,"[{'id': 12, 'name': 'Adventure'}, {'id': 18, 'name': 'Drama'}, {'id': 28, 'name': 'Action'}]",7.9,86,PG,Ang Lee
2012,85,Best Picture,0,Lincoln ,"Steven Spielberg and Kathleen Kennedy, Producers",275293450,65000000,149,6.8,2002,20.413,"[{'id': 36, 'name': 'History'}, {'id': 18, 'name': 'Drama'}]",7.3,90,PG-13,Steven Spielberg
2012,85,Best Picture,0,Silver Linings Playbook ,"Donna Gigliotti, Bruce Cohen and Jonathan Gordon, Producers",236412453,21000000,122,7,6753,9.405,"[{'id': 18, 'name': 'Drama'}, {'id': 35, 'name': 'Comedy'}, {'id': 10749, 'name': 'Romance'}]",7.7,92,R,David O. Russell
2012,85,Best Picture,0,Zero Dark Thirty ,"Mark Boal, Kathryn Bigelow and Megan Ellison, Producers",132820716,40000000,157,6.9,2296,12.516,"[{'id': 53, 'name': 'Thriller'}, {'id': 18, 'name': 'Drama'}, {'id': 36, 'name': 'History'}]",7.4,91,R,Kathryn Bigelow
2013,86,Best Picture,0,American Hustle ,"Charles Roven, Richard Suckle, Megan Ellison and Jonathan Gordon, Producers",251171807,40000000,138,6.8,3966,12.126,"[{'id': 18, 'name': 'Drama'}, {'id': 80, 'name': 'Crime'}]",7.2,92,R,David O. Russell
2013,86,Best Picture,0,Captain Phillips ,"Scott Rudin, Dana Brunetti and Michael De Luca, Producers",95000000,55000000,134,7.6,3466,13.371,"[{'id': 28, 'name': 'Action'}, {'id': 18, 'name': 'Drama'}, {'id': 53, 'name': 'Thriller'}]",7.8,93,PG-13,Paul Greengrass
2013,86,Best Picture,0,Dallas Buyers Club ,"Robbie Brenner and Rachel Winter, Producers",55198285,5000000,117,7.9,4304,11.145,"[{'id': 18, 'name': 'Drama'}, {'id': 36, 'name': 'History'}]",7.9,93,R,Jean-Marc Vallee
2013,86,Best Picture,0,Gravity ,"Alfonso Cuarón and David Heyman, Producers",716392705,105000000,91,7.2,8371,21.013,"[{'id': 878, 'name': 'Science Fiction'}, {'id': 53, 'name': 'Thriller'}, {'id': 18, 'name': 'Drama'}]",7.7,96,PG-13,Alfonso Cuaron
2013,86,Best Picture,0,Her ,"Megan Ellison, Spike Jonze and Vincent Landay, Producers",47351251,23000000,126,7.9,6526,12.547,"[{'id': 10749, 'name': 'Romance'}, {'id': 878, 'name': 'Science Fiction'}, {'id': 18, 'name': 'Drama'}]",8,95,R,Spike Jonze
2013,86,Best Picture,0,Nebraska ,"Albert Berger and Ron Yerxa, Producers",17654912,12000000,115,7.4,859,6.137,"[{'id': 18, 'name': 'Drama'}, {'id': 12, 'name': 'Adventure'}]",7.7,91,R,Alexander Payne
2013,86,Best Picture,0,Philomena ,"Gabrielle Tana, Steve Coogan and Tracey Seaward, Producers",100129872,12000000,98,7.4,832,6.221,"[{'id': 18, 'name': 'Drama'}]",7.6,91,PG-13,Stephen Frears
2013,86,Best Picture,1,12 Years a Slave ,"Brad Pitt, Dede Gardner, Jeremy Kleiner, Steve McQueen and Anthony Katagas, Producers",187000000,20000000,134,7.9,5704,14.455,"[{'id': 18, 'name': 'Drama'}, {'id': 36, 'name': 'History'}]",8.1,95,R,Steve McQueen
2013,86,Best Picture,0,The Wolf of Wall Street ,"Martin Scorsese, Leonardo DiCaprio, Joey McFarland and Emma Tillinger Koskoff, Producers",392000694,100000000,180,7.9,10536,17.63,"[{'id': 80, 'name': 'Crime'}, {'id': 18, 'name': 'Drama'}, {'id': 35, 'name': 'Comedy'}]",8.2,79,R,Martin Scorsese
2014,87,Best Picture,0,American Sniper ,"Clint Eastwood, Robert Lorenz, Andrew Lazar, Bradley Cooper and Peter Morgan, Producers",542307423,58800000,133,7.4,6640,12.914,"[{'id': 10752, 'name': 'War'}, {'id': 28, 'name': 'Action'}]",7.3,72,R,Clint Eastwood
2014,87,Best Picture,1,Birdman or (The Unexpected Virtue of Ignorance) ,"Alejandro G. Iñárritu, John Lesher and James W. Skotchdopole, Producers",103215094,18000000,120,7.4,6637,21.877,"[{'id': 18, 'name': 'Drama'}, {'id': 35, 'name': 'Comedy'}]",7.7,91,R,Alejandro G. Inarritu
2014,87,Best Picture,0,Boyhood ,"Richard Linklater and Cathleen Sutherland, Producers",44349000,4000000,164,7.5,2743,10.288,"[{'id': 18, 'name': 'Drama'}]",7.9,97,R,Richard Linklater
2014,87,Best Picture,0,The Grand Budapest Hotel ,"Wes Anderson, Scott Rudin, Steven Rales and Jeremy Dawson, Producers",174600318,30000000,99,8,6954,19.701,"[{'id': 35, 'name': 'Comedy'}, {'id': 18, 'name': 'Drama'}]",8.1,92,R,Wes Anderson
2014,87,Best Picture,0,The Imitation Game ,"Nora Grossman, Ido Ostrowsky and Teddy Schwarzman, Producers",233555708,14000000,113,8.1,9089,38.347,"[{'id': 36, 'name': 'History'}, {'id': 18, 'name': 'Drama'}, {'id': 53, 'name': 'Thriller'}, {'id': 10752, 'name': 'War'}]",8,90,PG-13,Morten Tyldum
2014,87,Best Picture,0,Selma ,"Christian Colson, Oprah Winfrey, Dede Gardner and Jeremy Kleiner, Producers",66787908,20000000,127,7.5,1177,8.046,"[{'id': 36, 'name': 'History'}, {'id': 18, 'name': 'Drama'}]",7.5,99,PG-13,Ava DuVernay
2014,87,Best Picture,0,The Theory of Everything ,"Tim Bevan, Eric Fellner, Lisa Bruce and Anthony McCarten, Producers",123726688,15000000,123,7.9,5464,25.675,"[{'id': 18, 'name': 'Drama'}, {'id': 10749, 'name': 'Romance'}]",7.7,80,PG-13,James Marsh
2014,87,Best Picture,0,Whiplash ,"Jason Blum, Helen Estabrook and David Lancaster, Producers",13092000,3300000,107,8.4,6793,23.337,"[{'id': 18, 'name': 'Drama'}]",8.5,94,R,Damien Chazelle
2015,88,Best Picture,0,The Big Short,"Brad Pitt, Dede Gardner and Jeremy Kleiner, Producers",133346506,28000000,131,7.3,3920,13.972,"[{'id': 35, 'name': 'Comedy'}, {'id': 18, 'name': 'Drama'}]",7.8,89,R,Adam McKay
2015,88,Best Picture,0,Bridge of Spies,"Steven Spielberg, Marc Platt and Kristie Macosko Krieger, Producers",165478348,40000000,141,7.2,3799,14.307,"[{'id': 53, 'name': 'Thriller'}, {'id': 18, 'name': 'Drama'}]",7.6,91,PG-13,Steven Spielberg
2015,88,Best Picture,0,Brooklyn,"Finola Dwyer and Amanda Posey, Producers",62076141,11000000,111,7.3,1698,8.983,"[{'id': 18, 'name': 'Drama'}, {'id': 10749, 'name': 'Romance'}]",7.5,97,PG-13,John Crowley
2015,88,Best Picture,0,Mad Max: Fury Road,"Doug Mitchell and George Miller, Producers",378858340,150000000,121,7.4,12976,27.339,"[{'id': 28, 'name': 'Action'}, {'id': 12, 'name': 'Adventure'}, {'id': 878, 'name': 'Science Fiction'}, {'id': 53, 'name': 'Thriller'}]",8.1,97,R,George Miller
2015,88,Best Picture,0,The Martian,"Simon Kinberg, Ridley Scott, Michael Schaefer and Mark Huffam, Producers",630161890,108000000,141,7.7,10698,23.166,"[{'id': 18, 'name': 'Drama'}, {'id': 12, 'name': 'Adventure'}, {'id': 878, 'name': 'Science Fiction'}]",8,91,PG-13,Ridley Scott
2015,88,Best Picture,0,The Revenant,"Arnon Milchan, Steve Golin, Alejandro G. Iñárritu, Mary Parent and Keith Redmon, Producers",532950503,135000000,156,7.4,9549,15.009,"[{'id': 37, 'name': 'Western'}, {'id': 18, 'name': 'Drama'}, {'id': 12, 'name': 'Adventure'}, {'id': 53, 'name': 'Thriller'}]",8,78,R,Alejandro G. Inarritu
2015,88,Best Picture,0,Room,"Ed Guiney, Producer",35401758,6000000,117,8.1,4569,9.31,"[{'id': 18, 'name': 'Drama'}, {'id': 53, 'name': 'Thriller'}]",8.1,93,R,Lenny Abrahamson
2015,88,Best Picture,1,Spotlight,"Michael Sugar, Steve Golin, Nicole Rocklin and Blye Pagon Faust, Producers",88346473,20000000,129,7.8,4187,13.537,"[{'id': 18, 'name': 'Drama'}, {'id': 53, 'name': 'Thriller'}, {'id': 36, 'name': 'History'}]",8.1,97,R,Tom McCarthy